index,smiles,active
1,C#CC1(OC(N)=O)CCCCC1,0
2,FC(F)(F)C(F)(F)C(F)(F)C(F)(F)C(F)(F)C(F)(F)C(F)(F)C(F)(F)Br,0
3,FC(F)(F)C(F)(F)C(F)(F)C(F)(F)C(F)(F)C(F)(F)F,0
4,O=[N+]([O-])OCC(CO[N+](=O)[O-])O[N+](=O)[O-],0
5,FC(F)(F)C(F)(F)C(F)(F)F,0
6,FC(F)(F)C(Cl)Br,0
7,FC(F)OC(Cl)C(F)(F)F,0
8,FC(F)OC(F)C(F)(F)F,0
9,FC(F)OC(F)(F)C(F)Cl,0
10,O=c1[nH]cc(N(CCCl)CCCl)c(=O)[nH]1,0
11,NS(=O)(=O)c1cc(Cl)c(Cl)c(S(N)(=O)=O)c1,0
12,NS(=O)(=O)c1cc2c(cc1Cl)NC(C(Cl)Cl)NS2(=O)=O,0
13,NS(=O)(=O)c1cc2c(cc1Cl)NC(C1CC3C=CC1C3)NS2(=O)=O,0
14,NS(=O)(=O)c1cc2c(cc1Cl)NCNS2(=O)=O,0
15,NC(=O)c1cn(Cc2c(F)cccc2F)nn1,0
16,O=C(Nc1ccc([N+](=O)[O-])cc1Cl)c1cc(Cl)ccc1O,0
17,Clc1ccc(C(Cn2ccnc2)OCc2ccsc2Cl)c(Cl)c1,0
18,OC(Cn1cncn1)(Cn1cncn1)c1ccc(F)cc1F,0
19,O=C1c2c(O)ccc(O)c2C(=O)c2c(NCCNCCO)ccc(NCCNCCO)c21,0
20,Nc1ccc(S(=O)(=O)c2ccc(N)cc2)cc1,0
21,NC(=O)OCC(O)COc1ccc(Cl)cc1,0
22,NC(=O)c1cccnc1,0
23,O=C1CCC(N2C(=O)c3ccccc3C2=O)C(=O)N1,0
24,Oc1c(I)cc(Cl)c2cccnc12,0
25,Nc1nc2ccc(OC(F)(F)F)cc2s1,0
26,O=C1CCc2cc(OCCCCc3nnnn3C3CCCCC3)ccc2N1,0
27,Clc1ccc(C(c2ccccc2Cl)C(Cl)Cl)cc1,0
28,O=C1Nc2ccc(Cl)cc2C(c2ccccc2Cl)=NC1O,0
29,Fc1ccccc1C1=NCC(=S)N(CC(F)(F)F)c2ccc(Cl)cc21,0
30,NC(=O)OCC(COC(N)=O)c1ccccc1,0
31,Nc1nc(N)c2nc(-c3ccccc3)c(N)nc2n1,0
32,O=C1c2ccccc2C(=O)C1c1ccccc1,0
33,O=C1Nc2ccc(Cl)cc2C(c2ccccc2)=NC1O,0
34,O=C1CN=C(c2ccccc2)c2cc(Cl)ccc2N1CC(F)(F)F,0
35,NC(=O)NC(=O)Cc1ccccc1,0
36,NS(=O)(=O)c1cc2c(cc1C(F)(F)F)NC(Cc1ccccc1)NS2(=O)=O,0
37,Oc1ccc(OCc2ccccc2)cc1,0
38,O=C(CCCCCCC(=O)Nc1ccccc1)NO,0
39,O=NN(CCCl)C(=O)NC1CCCCC1,0
40,NS(=O)(=O)Cc1noc2ccccc12,0
41,NC(=O)N1c2ccccc2CC(=O)c2ccccc21,0
42,O=C(C1CCCCC1)N1CC(=O)N2CCc3ccccc3C2C1,0
43,O=C(CCBr)N1CCN(C(=O)CCBr)CC1,0
44,O=P1(NCCCl)OCCCN1CCCl,0
45,NNC(=O)c1ccncc1,0
46,Nc1cc(-c2ccncc2)c[nH]c1=O,0
47,CC(C)(C#N)c1cc(Cn2cncn2)cc(C(C)(C)C#N)c1,0
48,CC(C)(Sc1cc(C(C)(C)C)c(O)c(C(C)(C)C)c1)Sc1cc(C(C)(C)C)c(O)c(C(C)(C)C)c1,0
49,CC(C)(C(=O)c1cccnc1)c1cccnc1,0
50,CC(C)C(=O)Nc1ccc([N+](=O)[O-])c(C(F)(F)F)c1,0
51,CC(C)c1cccc(C(C)C)c1O,0
52,C=CCC1(CC(C)C)C(=O)NC(=O)NC1=O,0
53,CNNCc1ccc(C(=O)NC(C)C)cc1,0
54,CC(C)OP(=O)(F)OC(C)C,0
55,CC(c1cc2ccccc2s1)N(O)C(N)=O,0
56,CC(=O)N(CC(O)CO)c1c(I)c(C(=O)NCCO)c(I)c(C(=O)NCC(O)CO)c1I,0
57,CC(=O)NO,0
58,CC(=O)Oc1ccccc1C(=O)Nc1ncc([N+](=O)[O-])s1,0
59,CC1(C)NC(=O)N(c2ccc([N+](=O)[O-])c(C(F)(F)F)c2)C1=O,0
60,CN1C(=O)OC(C)(C)C1=O,0
61,CN1C(=O)CC(C)(c2ccccc2)C1=O,0
62,COC(=O)C1=C(C)NC(C)=C(C(=O)OC(C)C)C1c1cccc2nonc12,0
63,COC(=O)C1=C(C)NC(C)=C(C(=O)OC)C1c1ccccc1[N+](=O)[O-],0
64,Cc1ncc(CO)c(CO)c1O,0
65,Cc1nc(Nc2ncc(C(=O)Nc3c(C)cccc3Cl)s2)cc(N2CCN(CCO)CC2)n1,0
66,Cc1nc2n(c(=O)c1CCN1CCC(c3noc4cc(F)ccc34)CC1)CCCC2,0
67,Cc1[nH]c(=O)c(C#N)cc1-c1ccncc1,0
68,COc1cc(NCc2ccc3nc(N)nc(N)c3c2C)cc(OC)c1OC,0
69,Cc1oncc1C(=O)Nc1ccc(C(F)(F)F)cc1,0
70,CC(=O)N(c1onc(C)c1C)S(=O)(=O)c1ccc(N)cc1,0
71,Cc1cn[nH]c1,0
72,CC1=CC(=O)c2ccccc2C1=O,0
73,CC1Cc2ccccc2N1NC(=O)c1ccc(Cl)c(S(N)(=O)=O)c1,0
74,Cc1ccc(-c2nc3ccc(C)cn3c2CC(=O)N(C)C)cc1,0
75,Cc1ccc(-c2cc(C(F)(F)F)nn2-c2ccc(S(N)(=O)=O)cc2)cc1,0
76,Cc1ccccc1C(=O)Nc1ccc(C(=O)N2CCCC(O)c3cc(Cl)ccc32)c(C)c1,0
77,Cc1ccccc1N1C(=O)c2cc(S(N)(=O)=O)c(Cl)cc2NC1C,0
78,Cc1ccnc2c1NC(=O)c1cccnc1N2C1CC1,0
79,Cc1ncc([N+](=O)[O-])n1CCO,0
80,Cc1nnc2n1-c1ccc(Cl)cc1C(c1ccccc1Cl)=NC2,0
81,C=CCC1(C(C)C#CCC)C(=O)NC(=O)N(C)C1=O,0
82,CCC(C)C(C)(COC(N)=O)COC(N)=O,0
83,C=CCC1(C(C)CC)C(=O)NC(=O)NC1=O,0
84,CCC1(CC)C(=O)NCC(C)C1=O,0
85,CCC1(c2ccccc2)NC(=O)N(C)C1=O,0
86,CCC1(C)OC(=O)N(C)C1=O,0
87,CCC1(CC)C(=O)NC(=O)N(C)C1=O,0
88,CCC1(c2ccc(N)cc2)CCC(=O)NC1=O,0
89,CCC1(c2ccccc2)CCC(=O)NC1=O,0
90,CCc1cc(C(N)=S)ccn1,0
91,CCc1ccc(CCOc2ccc(CC3SC(=O)NC3=O)cc2)nc1,0
92,CCCC(C)(COC(N)=O)COC(N)=O,0
93,CCCC(C)(COC(N)=O)COC(=O)NC(C)C,0
94,CCCC(C)C1(CC)C(=O)NC(=O)NC1=O,0
95,C=CCC1(C(C)CCC)C(=O)NC(=O)NC1=O,0
96,CCCC(=O)OCOC(=O)C1=C(C)NC(C)=C(C(=O)OC)C1c1cccc(Cl)c1Cl,0
97,CCCCCCCC(=O)OCC(O)CO,0
98,CCCCCCCCCCCCCCCCCCCCCCO,0
99,CCCCCCCCCCCCOCCOCCOCCOCCOCCOCCOCCOCCOCCO,0
100,CCCCOCCOCCOCc1cc2c(cc1CCC)OCO2,0
101,CCCOC(=O)Cn1cc(I)c(=O)c(I)c1,0
102,CCCS(=O)(=O)Nc1ccc(F)c(C(=O)c2c[nH]c3ncc(-c4ccc(Cl)cc4)cc23)c1F,0
103,CCN(C(C)=O)c1cccc(-c2ccnc3c(C#N)cnn23)c1,0
104,CCN1C(=O)NC(c2ccccc2)C1=O,0
105,CCOC(=O)C(C)(C)Oc1ccc(Cl)cc1,0
106,CCOC(=O)C1=C(C)NC(C)=C(C(=O)OC)C1c1cccc(Cl)c1Cl,0
107,CCOC(=O)c1cncn1C(C)c1ccccc1,0
108,CCOC(=O)N1CCC(=C2c3ccc(Cl)cc3CCc3cccnc32)CC1,0
109,CCOC(=O)Nc1ccc(NCc2ccc(F)cc2)cc1N,0
110,CCOc1ccc2nc(S(N)(=O)=O)sc2c1,0
111,CCOCCP(CCOCC)CCP(CCOCC)CCOCC,0
112,CCS(=O)(=O)CCn1c([N+](=O)[O-])cnc1C,0
113,COc1ccc(C(CN(C)C)C2(O)CCCCC2)cc1,0
114,COc1cc2nc(N(C)CCCNC(=O)C3CCCO3)nc(N)c2cc1OC,0
115,CN(CCOc1ccc(CC2SC(=O)NC2=O)cc1)c1ccccn1,0
116,CN1C(=O)CC(c2ccccc2)C1=O,0
117,Cn1nnc2c(C(N)=O)ncn2c1=O,0
118,Cn1c(=O)c2[nH]cnc2n(C)c1=O,0
119,Cn1c(=O)c2c(ncn2CC(O)CO)n(C)c1=O,0
120,CN1C(=O)CN=C(c2ccccc2)c2cc(Cl)ccc21,0
121,Cn1cc[nH]c1=S,0
122,CNC(=O)c1cc(Oc2ccc(NC(=O)Nc3ccc(Cl)c(C(F)(F)F)c3)cc2)ccn1,0
123,COC(F)(F)C(Cl)Cl,0
124,COC(=O)Nc1nc2cc(C(=O)c3ccccc3)ccc2[nH]1,0
125,COc1c2occc2cc2ccc(=O)oc12,0
126,COc1cc2nc(N3CCN(C(=O)C4CCCO4)CC3)nc(N)c2cc1OC,0
127,COc1ccc(C(Cl)=C(c2ccc(OC)cc2)c2ccc(OC)cc2)cc1,0
128,COc1ccc(O)cc1,0
129,COc1ccccc1OCC(O)COC(N)=O,0
130,CS(=O)(=O)c1ccc(C2=C(c3ccccc3)C(=O)OC2)cc1,0
131,CS(=O)(=O)CCNCc1ccc(-c2ccc3ncnc(Nc4ccc(OCc5cccc(F)c5)c(Cl)c4)c3c2)o1,0
132,NS(=O)(=O)c1cc(C2(O)NC(=O)c3ccccc32)ccc1Cl,0
133,Cc1cc(C(=O)NNCc2ccccc2)no1,0
134,CN1C(=O)CCS(=O)(=O)C1c1ccc(Cl)cc1,0
135,CN(C)c1nc(N(C)C)nc(N(C)C)n1,0
136,Cc1ccc(Nc2nccc(N(C)c3ccc4c(C)n(C)nc4c3)n2)cc1S(N)(=O)=O,0
137,CCC1(C)CC(=O)NC1=O,0
138,CCC1NC(=O)c2cc(S(N)(=O)=O)c(Cl)cc2N1,0
139,NC(=O)NO,0
140,COc1ccccc1OCC(O)CO,0
141,COc1ccc(C2C(=O)c3ccccc3C2=O)cc1,0
142,Clc1ccc(COC(Cn2ccnc2)c2ccc(Cl)cc2Cl)cc1,0
143,CN1C(CSCC(F)(F)F)Nc2cc(Cl)c(S(N)(=O)=O)cc2S1(=O)=O,0
144,CC(=O)Nc1ccc(O)cc1,0
145,CC(O)(CS(=O)(=O)c1ccc(F)cc1)C(=O)Nc1ccc(C#N)c(C(F)(F)F)c1,0
146,Cn1cnc([N+](=O)[O-])c1Sc1ncnc2nc[nH]c12,0
147,COCCOC(=O)C1=C(C)NC(C)=C(C(=O)OC(C)C)C1c1cccc([N+](=O)[O-])c1,0
148,CCC1(c2ccccc2)C(=O)NCNC1=O,0
149,Clc1ccc(COC(Cn2ccnc2)c2ccc(Cl)cc2Cl)c(Cl)c1,0
150,Nc1ccc(S(N)(=O)=O)cc1,0
151,ClCC1CO1,1
152,Nc1cccc2c1CN(C1CCC(=O)NC1=O)C2=O,0
153,CCc1nc(N)nc(N)c1-c1ccc(Cl)cc1,0
154,FCOC(C(F)(F)F)C(F)(F)F,0
155,CCCc1cc(=O)[nH]c(=S)[nH]1,0
156,Oc1cc(Cl)ccc1Oc1ccc(Cl)cc1Cl,0
157,O=C(Nc1c(Cl)cncc1Cl)c1ccc(OC(F)F)c(OCC2CC2)c1,0
158,NC(=O)c1cnccn1,0
159,CC(C)NCC(O)COc1cccc2ccccc12,0
160,NC(=O)N1c2ccccc2C=Cc2ccccc21,0
161,CC(=O)Oc1ccc(C(c2ccc(OC(C)=O)cc2)c2ccccn2)cc1,0
162,CN1C(CCl)Nc2cc(Cl)c(S(N)(=O)=O)cc2S1(=O)=O,0
163,O=C1CCc2ccc(OCCCCN3CCN(c4cccc(Cl)c4Cl)CC3)cc2N1,0
164,CCC(C)C1(CC)C(=O)NC(=O)NC1=O,0
165,CCOC(=O)c1ncn2c1CN(C)C(=O)c1cc(F)ccc1-2,0
166,Cc1cc(C#N)cc(C)c1Oc1nc(Nc2ccc(C#N)cc2)nc(N)c1Br,0
167,O=C1CN=C(c2ccccc2)c2cc(Cl)ccc2N1CC1CC1,0
168,Cc1nccn1CC1CCc2c(c3ccccc3n2C)C1=O,0
169,COc1ccc2[nH]cc(CCNC(C)=O)c2c1,0
170,CC1CCC2C(C)C(=O)OC3OC4(C)CCC1C32OO4,0
171,CC1CCC2C(C)C(O)OC3OC4(C)CCC1C32OO4,0
172,CC(C=CC1=C(C)CCCC1(C)C)=CC=CC(C)=CC(=O)O,0
173,CC1CCC2C(C)C(OC(=O)CCC(=O)O)OC3OC4(C)CCC1C32OO4,0
174,C=C1CCC(O)CC1=CC=C1CCCC2(C)C1CCC2C(C)CCCC(C)C,0
175,Nc1nc(=O)c2nc(CNc3ccc(C(=O)NC(CCC(=O)O)C(=O)O)cc3)cnc2[nH]1,0
176,CC(C)CC1C(=O)N2CCCC2C2(O)OC(NC(=O)C3C=C4c5cccc6[nH]c(Br)c(c56)CC4N(C)C3)(C(C)C)C(=O)N12,0
177,CCC1(O)C(=O)OCc2c1cc1n(c2=O)Cc2cc3ccccc3nc2-1,0
178,COc1ccc(Cc2nccc3cc(OC)c(OC)cc23)cc1OC,0
179,CCC1C2CC3C4N(C)c5ccccc5C45CC(C2C5O)N3C1O,0
180,CC(C=CC1=C(C)CCCC1(C)C)=CC=CC(C)=CCO,0
181,CC1=CC(=O)c2c(O)cccc2C1=O,1
182,CNC(C)C(O)c1ccccc1,0
183,CC(=O)NC(CS)C(=O)O,0
184,COc1cc(C=O)ccc1O,1
185,CCCCC(=O)O,1
186,CC(C)=CC(=O)O,1
187,CCN(CC)CCOC(=O)c1ccc(N)cc1Cl,0
188,CC(=O)NCCCS(=O)(=O)O,0
189,COc1ccc2c(c1)c(CC(=O)OCC(=O)O)c(C)n2C(=O)c1ccc(Cl)cc1,0
190,CC(=O)c1ccc(S(=O)(=O)NC(=O)NC2CCCCC2)cc1,0
191,CC(=O)c1ccc2c(c1)N(CCCN1CCN(CCO)CC1)c1ccccc1S2,0
192,Cc1ccc(C(=CCN2CCCC2)c2cccc(C=CC(=O)O)n2)cc1,0
193,CCC(=O)N(c1ccccc1)C1(COC)CCN(CCn2nnn(CC)c2=O)CC1,0
194,COCCCOc1cc(CC(CC(N)C(O)CC(C(=O)NCC(C)(C)C(N)=O)C(C)C)C(C)C)ccc1OC,0
195,CN(C)CCc1c[nH]c2ccc(CS(=O)(=O)N3CCCC3)cc12,0
196,NC12CC3CC(CC(C3)C1)C2,0
197,CC(=O)OCC(=O)C12OC3(CCCC3)OC1CC1C3CCC4=CC(=O)C=CC4(C)C3(F)C(O)CC12C,0
198,CC1(C)SC2C(N=CN3CCCCCC3)C(=O)N2C1C(=O)O,0
199,NCCCNCCSP(=O)(O)O,0
200,NCCCCCC(=O)O,0
201,CC(=O)Nc1ccc(C=NNC(N)=S)cc1,0
202,CN(C)CCC=C1c2ccccc2CCc2ccccc21,0
203,CCN(CC)Cc1cc(Nc2ccnc3cc(Cl)ccc23)ccc1O,0
204,CC1(C)SC2C(NC(=O)C(N)c3ccc(O)cc3)C(=O)N2C1C(=O)O,0
205,COc1cc(NS(C)(=O)=O)ccc1Nc1c2ccccc2nc2ccccc12,0
206,CCOC(=O)C1(c2ccccc2)CCN(CCc2ccc(N)cc2)CC1,0
207,CC1(C)OC2CC3C4CCC5=CC(=O)C=CC5(C)C4C(O)CC3(C)C2(C(=O)CO)O1,0
208,CN1CCc2cccc3c2C1Cc1ccc(O)c(O)c1-3,0
209,CCN(CC)CCCN(c1ccccc1)C1Cc2ccccc2C1,0
210,Oc1ccc(CCCCNCC(O)c2ccc(O)c(O)c2)cc1,0
211,CCCNC(C)C(=O)Nc1c(C)csc1C(=O)OC,0
212,COc1ccc(CCN2CCC(Nc3nc4ccccc4n3Cc3ccc(F)cc3)CC2)cc1,0
213,Nc1ncn(C2OC(CO)C(O)C2O)c(=O)n1,0
214,CCCCOc1cc(C(=O)OCCN(CC)CC)ccc1N,0
215,CC1(C)SC(C(NC(=O)Cc2ccccc2)C(=O)NCCCCCC(=O)O)NC1C(=O)O,0
216,CN=C(NC)NCc1ccccc1,0
217,CC(C)NCC(O)COc1ccc(COCCOC(C)C)cc1,0
218,COc1ccccc1Oc1c(NS(=O)(=O)c2ccc(C(C)(C)C)cc2)nc(-c2ncccn2)nc1OCCO,0
219,CC(C)(C)c1ccc(CN2CCN(C(c3ccccc3)c3ccc(Cl)cc3)CC2)cc1,0
220,CCCCNc1cc(C(=O)O)cc(S(N)(=O)=O)c1Oc1ccccc1,0
221,COC12CCC3(CC1C(C)(O)C(C)(C)C)C1Cc4ccc(O)c5c4C3(CCN1CC1CC1)C2O5,0
222,O=C1CC2(CCCC2)CC(=O)N1CCCCN1CCN(c2ncccn2)CC1,0
223,CN(Cc1ccc(C(C)(C)C)cc1)Cc1cccc2ccccc12,0
224,Oc1ccc2c(c1)C13CCCCC1(O)C(C2)N(CC1CCC1)CC3,0
225,C=CCN1CC(C(=O)N(CCCN(C)C)C(=O)NCC)CC2c3cccc4[nH]cc(c34)CC21,0
226,C=C1C(=CC=C2CCCC3(C)C2CCC3C(C)C=CC(O)C2CC2)CC(O)CC1O,0
227,CC1(C(=O)O)CCC2(C)CCC3(C)C(=CC(=O)C4C5(C)CCC(OC(=O)CCC(=O)O)C(C)(C)C5CCC43C)C2C1,0
228,CCN(CC)CCOCCOC(=O)C1(c2ccccc2)CCCC1,0
229,CCOC(=O)n1ccn(C)c1=S,0
230,CCCCNC(=O)NS(=O)(=O)c1ccc(N)cc1,0
231,CC(C(=O)O)c1ccc2c(c1)[nH]c1ccc(Cl)cc12,0
232,C=CC1=C(C(=O)O)N2C(=O)C(NC(=O)C(=NO)c3csc(N)n3)C2SC1,0
233,CON=C(C(=O)NC1C(=O)N2C(C(=O)OCOC(=O)C(C)(C)C)=C(C=Cc3scnc3C)CSC12)c1csc(N)n1,0
234,CON=C(C(=O)NC1C(=O)N2C(C(=O)O)=C(CSc3nnnn3C)CSC12)c1csc(N)n1,0
235,NCc1ccccc1CC(=O)NC1C(=O)N2C(C(=O)O)=C(CSc3nnnn3CC(=O)O)CSC12,0
236,CN(C)CCn1nnnc1SCC1=C(C(=O)O)N2C(=O)C(NC(=O)Cc3csc(N)n3)C2SC1,0
237,CON=C(C(=O)NC1C(=O)N2C(C(=O)OC(C)OC(C)=O)=C(COC(N)=O)CSC12)c1ccco1,0
238,CC1OC2(CS1)CN1CCC2CC1,0
239,Nc1nc(Cl)nc2c1ncn2C1OC(CO)C(O)C1F,0
240,O=C(O)CCCc1ccc(N(CCCl)CCCl)cc1,0
241,Cc1ncsc1CCCl,0
242,CCN(CC)CCCC(C)Nc1ccnc2cc(Cl)ccc12,0
243,ClCc1ccccc1,1
244,CCCNC(=O)NS(=O)(=O)c1ccc(Cl)cc1,0
245,CN(C)CCC=C1c2ccccc2Sc2ccc(Cl)cc21,0
246,CC(C)C(=O)OCC(=O)C12OC(C3CCCCC3)OC1CC1C3CCC4=CC(=O)C=CC4(C)C3C(O)CC12C,0
247,Cc1cc(C2CCCCC2)n(O)c(=O)c1,0
248,CCOC(=O)C(CCc1ccccc1)NC1CCCN2CCCC(C(=O)O)N2C1=O,0
249,CC(NCCCc1cccc(C(F)(F)F)c1)c1cccc2ccccc12,0
250,O=C(O)c1cc(-c2ccccc2)nc2ccccc12,0
251,CN1CCCC1CCOC(C)(c1ccccc1)c1ccc(Cl)cc1,0
252,CN1C(=O)CC(=O)N(c2ccccc2)c2cc(Cl)ccc21,0
253,CN(C)CCC(O)(c1ccccc1)c1ccccc1Cl,0
254,COC(=O)C(c1ccccc1Cl)N1CCc2sccc2C1,0
255,COC(=O)C1C(OC(=O)c2ccccc2)CC2CCC1N2C,0
256,O=C1CN=C(c2ccccn2)c2cc(Br)ccc2N1,0
257,CC12CCC(=O)C=C1CCC1C2C(=O)CC2(C)C1CCC2(O)C(=O)CO,0
258,Cc1ccc(O)cc1,1
259,CN(C)CCC=C1c2ccccc2C=Cc2ccccc21,0
260,CN1CCC(=C2c3ccccc3C=Cc3ccccc32)CC1,0
261,CC(C)CN(CC(O)C(Cc1ccccc1)NC(=O)OC1COC2OCCC12)S(=O)(=O)c1ccc(N)cc1,0
262,Nc1ncn(C2CC(O)C(CO)O2)c(=O)n1,0
263,Cc1c(O)c(=O)ccn1C,0
264,CC12CCC3C(CC=C4CC(O)CCC43C)C1CCC2=O,0
265,COC(=O)C1C2CC3c4[nH]c5ccccc5c4CCN3CC2CC(OC(=O)c2cc(OC)c(OC)c(OC)c2)C1OC,0
266,Clc1ccc2c(c1)CCc1cccnc1C2=C1CCNCC1,0
267,CC1CC2C3CCC4=CC(=O)C=CC4(C)C3(F)C(O)CC2(C)C1C(=O)CO,0
268,CN(C)CCC(c1ccc(Br)cc1)c1ccccn1,0
269,CC(N)Cc1ccccc1,0
270,COc1ccc2c(c1)C13CCCCC1C(C2)N(C)CC3,0
271,CC12CCCCCC(Cc3ccc(O)cc31)C2N,0
272,CC(=O)Oc1cccc2c1C(=O)c1c(OC(C)=O)cc(C(=O)O)cc1C2=O,0
273,Cc1onc(-c2c(Cl)cccc2Cl)c1C(=O)NC1C(=O)N2C1SC(C)(C)C2C(=O)O,0
274,CC=C(C(=CC)c1ccc(O)cc1)c1ccc(O)cc1,0
275,CCN(CC)C(C)C(=O)c1ccccc1,0
276,CCC(=C(CC)c1ccc(O)cc1)c1ccc(O)cc1,0
277,CC1OC(OC2C(O)CC(OC3C(O)CC(OC4CCC5(C)C(CCC6C5CCC5(C)C(C7=CC(=O)OC7)CCC65O)C4)OC3C)OC2C)CC(O)C1O,0
278,CCCCCC(O)C=CC1C(O)CC(O)C1CC=CCCCC(=O)O,0
279,OC(CCCN1CCCCC1)(c1ccccc1)c1ccccc1,0
280,CCOC(=O)C1(c2ccccc2)CCN(CCC(C#N)(c2ccccc2)c2ccccc2)CC1,0
281,CC(CCc1ccc(O)cc1)NCCc1ccc(O)c(O)c1,0
282,O=c1[nH]c2ccccc2n1CCCN1CCC(n2c(=O)[nH]c3cc(Cl)ccc32)CC1,0
283,CC(O)C1C(=O)N2C(C(=O)O)=C(SC3CNC(CNS(N)(=O)=O)C3)C(C)C12,0
284,CN(C)CCC=C1c2ccccc2COc2ccccc21,0
285,C=C1C(=CC=C2CCCC3(C)C2CCC3C(C)C=CC(C)C(C)C)CC(O)CC1O,0
286,CCCCCc1cc(O)c2c(c1)OC(C)(C)C1CCC(C)=CC21,0
287,O=C(CCCN1CC=C(n2c(=O)[nH]c3ccccc32)CC1)c1ccc(F)cc1,0
288,CCCCOc1ccc(C(=O)CCN2CCCCC2)cc1,0
289,CN1CCCC1Cc1c[nH]c2ccc(CCS(=O)(=O)c3ccccc3)cc12,0
290,CCOC(=O)C(CCc1ccccc1)NC(C)C(=O)N1CCCC1C(=O)O,0
291,CSc1ccc(C(=O)c2[nH]c(=O)[nH]c2C)cc1,0
292,CC(=Cc1ccccc1)C=C1SC(=S)N(CC(=O)O)C1=O,0
293,CCCCc1ncc(C=C(Cc2cccs2)C(=O)O)n1Cc1ccc(C(=O)O)cc1,0
294,CC(O)C1C(=O)N2C(C(=O)O)=C(SC3CNC(C(=O)Nc4cccc(C(=O)O)c4)C3)C(C)C12,0
295,O=[N+]([O-])OCC(O[N+](=O)[O-])C(CO[N+](=O)[O-])O[N+](=O)[O-],0
296,COC(=O)CCc1ccc(OCC(O)CNC(C)C)cc1,0
297,CCC(=O)Oc1ccc2c(c1)CCC1C2CCC2(C)C(OC(=O)CC)CCC12,0
298,CC12CCC3c4ccc(OC(=O)N(CCCl)CCCl)cc4CCC3C1CCC2O,0
299,C#CC(O)(C=CCl)CC,0
300,CCCN(CC)C(CC)C(=O)Nc1c(C)cccc1C,0
301,COc1cc(C2c3cc4c(cc3C(OC3OC5COC(C)OC5C(O)C3O)C3COC(=O)C23)OCO4)cc(OC)c1O,0
302,O=C1C(CCC(O)c2ccc(F)cc2)C(c2ccc(O)cc2)N1c1ccc(F)cc1,0
303,O=C(O)CCC(=O)c1ccc(-c2ccccc2)cc1,0
304,Oc1ccc(C2CNCCc3c2cc(O)c(O)c3Cl)cc1,0
305,CCC(=O)N(c1ccccc1)C1CCN(CCc2ccccc2)CC1,0
306,O=C(O)Cc1sc(-c2ccccc2)nc1-c1ccc(Cl)cc1,0
307,CC(C)(C)NC(=O)C1CCC2C3CCC4NC(=O)C=CC4(C)C3CCC12C,0
308,Cc1onc(-c2c(F)cccc2Cl)c1C(=O)NC1C(=O)N2C1SC(C)(C)C2C(=O)O,0
309,O=c1[nH]c(=O)n(C2CC(O)C(CO)O2)cc1F,0
310,CC1CC2C3CC(F)C4=CC(=O)C=CC4(C)C3(F)C(O)CC2(C)C1(O)C(=O)CO,0
311,Fc1ccc(C(c2ccc(F)cc2)N2CCN(CC=Cc3ccccc3)CC2)cc1,0
312,CC1(O)CCC2C3CCC4=CC(=O)CCC4(C)C3(F)C(O)CC21C,0
313,CC(C)n1c(C=CC(O)CC(O)CC(=O)O)c(-c2ccc(F)cc2)c2ccccc21,0
314,COc1ccc(CC(C)NCC(O)c2ccc(O)c(NC=O)c2)cc1,0
315,CC(OC1OCCN(Cc2nc(=O)n(P(=O)(O)O)[nH]2)C1c1ccc(F)cc1)c1cc(C(F)(F)F)cc(C(F)(F)F)c1,0
316,O=C1NC(c2ccccc2)(c2ccccc2)C(=O)N1COP(=O)(O)O,0
317,CC(C)c1cccc(C(C)C)c1OCOP(=O)(O)O,0
318,CC12CCC3c4ccc(O)cc4CC(CCCCCCCCCS(=O)CCCC(F)(F)C(F)(F)F)C3C1CCC2O,0
319,O=C1OCCN1N=Cc1ccc([N+](=O)[O-])o1,0
320,CON=C1CN(c2nc3c(cc2F)c(=O)c(C(=O)O)cn3C2CC2)CC1CN,0
321,O=C(OCC(O)CO)c1ccccc1Nc1ccnc2cc(Cl)ccc12,0
322,COc1ccc(Cl)cc1C(=O)NCCc1ccc(S(=O)(=O)NC(=O)NC2CCCCC2)cc1,0
323,Cc1c(F)c(N2CCNC(C)C2)cc2c1c(=O)c(C(=O)O)cn2C1CC1,0
324,CC1(C)OC2CC3C4CCC5=CC(=O)CCC5(C)C4(F)C(O)CC3(C)C2(C(=O)CCl)O1,0
325,CN1C2CCC1CC(OC(=O)C(O)c1ccccc1)C2,0
326,COc1ccc2c3c1OC1C(=O)CCC4C(C2)N(C)CCC314,0
327,CC(C)Cc1ccc(C(C)C(=O)O)cc1,0
328,COc1cc(C(C)=O)ccc1OCCCN1CCC(c2noc3cc(F)ccc23)CC1,0
329,CC#CCC(C)C(O)C=CC1C(O)CC2CC(=CCCCC(=O)O)CC21,0
330,CCOC(=O)C(CCc1ccccc1)NC(C)C(=O)N1C(=O)N(C)CC1C(=O)O,0
331,CC(=O)N(CC(C)C(=O)O)c1c(I)cc(I)c(N)c1I,0
332,CC(=O)NCc1c(I)c(NC(C)=O)c(I)c(C(=O)O)c1I,0
333,CCC(Cc1c(I)cc(I)c(N)c1I)C(=O)O,0
334,CN(C)C=Nc1c(I)cc(I)c(CCC(=O)O)c1I,0
335,CCC(NC(C)C)C(O)c1ccc(O)c(O)c1,0
336,O=[N+]([O-])OC1COC2C(O)COC12,0
337,CC(COc1ccccc1)NC(C)C(O)c1ccc(O)cc1,0
338,CC(=Cc1csc(C)n1)C1CC2OC2(C)CCCC(C)C(O)C(C)C(=O)C(C)(C)C(O)CC(=O)N1,0
339,NCC1OC(OC2C(N)CC(N)C(OC3OC(CO)C(O)C(N)C3O)C2O)C(O)C(O)C1O,0
340,CNC1(c2ccccc2Cl)CCCCC1=O,0
341,COCC(NC(C)=O)C(=O)NCc1ccccc1,0
342,CCC(C(N)=O)N1CCCC1=O,0
343,NC(Cc1ccc(O)c(O)c1)C(=O)O,0
344,CC(=O)NCC1CN(c2ccc(N3CCOCC3)c(F)c2)C(=O)O1,0
345,CSCCC(N)C(=O)O,0
346,CN(CCCN1c2ccccc2CCc2ccccc21)CC(=O)c1ccc(Cl)cc1,0
347,CN1CCN(C2=Nc3ccccc3Oc3ccc(Cl)cc32)CC1,0
348,O=C1C2C3CCC(C3)C2C(=O)N1CC1CCCCC1CN1CCN(c2nsc3ccccc23)CC1,0
349,CNC1(C)C2CCC(C2)C1(C)C,0
350,Cc1cccc(CN2CCN(C(c3ccccc3)c3ccc(Cl)cc3)CC2)c1,0
351,CC(=O)C1(O)CCC2C3C=C(C)C4=CC(=O)CCC4(C)C3CCC21C,0
352,NC(Cc1ccc(N(CCCl)CCCl)cc1)C(=O)O,0
353,Cc1cccc(C)c1NC(=O)C1CCCCN1C,0
354,CC(O)C1C(=O)N2C(C(=O)O)=C(SC3CNC(C(=O)N(C)C)C3)C(C)C12,0
355,C#CC1(O)CCC2C3CCc4cc(OC)ccc4C3CCC21C,0
356,CN(C)CCN(Cc1cccs1)c1ccccn1,0
357,CN1CCC(CN2c3ccccc3Sc3ccccc32)C1,0
358,COc1ccc2c(c1)N(CC(C)CN(C)C)c1ccccc1S2,0
359,COc1ccc(OC)c(C(O)C(C)N)c1,0
360,CC12CCC(=O)C=C1CCC1C2CCC2(C)C1CCC2(C)O,0
361,CCC(CO)NC(=O)C1C=C2c3cccc4c3c(cn4C)CC2N(C)C1,0
362,CC(=O)Nc1c(I)c(C(=O)O)c(I)c(N(C)C(C)=O)c1I,0
363,COC(=O)CCC(=O)CN,0
364,Cc1ncc2n1-c1ccc(Cl)cc1C(c1ccccc1F)=NC2,0
365,OCCN1CC(O)C(O)C(O)C1CO,0
366,CCN(CC)C(=O)C1(c2ccccc2)CC1CN,0
367,CCCCC(C)(O)CC=CC1C(O)CC(=O)C1CCCCCCC(=O)OC,0
368,O=C(NCCN1CCOCC1)c1ccc(Cl)cc1,0
369,CC(=O)Oc1cc(C(C)C)c(OCCN(C)C)cc1C,0
370,CC(C)(C)NCC(O)COc1cccc2c1CC(O)C(O)C2,0
371,Oc1ccc2c3c1OC1C(O)CCC4(O)C(C2)N(CC2CCC2)CCC314,0
372,CC12CCC3C4CCC(=O)C=C4CCC3C1CCC2O,0
373,Cc1c(O)cccc1C(=O)NC(CSc1ccccc1)C(O)CN1CC2CCCCC2CC1C(=O)NC(C)(C)C,0
374,OCc1cccnc1,0
375,O=C(O)c1cccnc1Nc1cccc(C(F)(F)F)c1,0
376,O=C1CN=C(c2ccccc2)c2cc([N+](=O)[O-])ccc2N1,0
377,CCOC(=O)C1=C(C)NC(C)=C(C(=O)OC)C1c1cccc([N+](=O)[O-])c1,0
378,NC(=O)NN=Cc1ccc([N+](=O)[O-])o1,0
379,CN(CCCl)CCCl,0
380,CN1Cc2c(N)cccc2C(c2ccccc2)C1,0
381,CCn1cc(C(=O)O)c(=O)c2cc(F)c(N3CCNCC3)cc21,0
382,CN(C)CC(c1ccc(O)cc1)C1(O)CCCCC1,0
383,Cc1cc2c(s1)Nc1ccccc1N=C2N1CCN(C)CC1,0
384,CC(C)NCC(O)c1cc(O)cc(O)c1,0
385,CCOC(=O)C1=CC(OC(CC)CC)C(NC(C)=O)C(N)C1,0
386,Cc1onc(-c2ccccc2)c1C(=O)NC1C(=O)N2C1SC(C)(C)C2C(=O)O,0
387,O=c1[nH]c2ccccc2n1CCCN1CCN(C(c2ccccc2)c2ccccc2)CC1,0
388,Clc1ccc(CON=C(Cn2ccnc2)c2ccc(Cl)cc2Cl)c(Cl)c1,0
389,C=CCOc1ccccc1OCC(O)CNC(C)C,0
390,CN1CCCN=C1COC(=O)C(O)(c1ccccc1)C1CCCCC1,0
391,CC(C)(CO)C(O)C(=O)NCCC(=O)O,0
392,NCC1OC(OC2C(CO)OC(OC3C(O)C(N)CC(N)C3OC3OC(CO)C(O)C(O)C3N)C2O)C(N)C(O)C1O,0
393,CCn1cc(C(=O)O)c(=O)c2cc(F)c(N3CCN(C)CC3)cc21,0
394,CC(C)(C)NCC(O)COc1ccccc1C1CCCC1,0
395,CC(C)=CCN1CCC2(C)c3cc(O)ccc3CC1C2C,0
396,CCCN1CC(CSC)CC2c3cccc4[nH]cc(c34)CC21,0
397,CCOc1ccc(NC(C)=O)cc1,0
398,CC1NCCOC1c1ccccc1,0
399,Oc1ccccc1,1
400,CC(COc1ccccc1)N(CCCl)Cc1ccccc1,0
401,S=C=Nc1ccccc1,1
402,O=C(O)CCCc1ccccc1,0
403,O=[N+]([O-])c1cc([N+](=O)[O-])c(O)c([N+](=O)[O-])c1,0
404,O=c1[nH]c2ccccc2n1C1CCN(CCCC(c2ccc(F)cc2)c2ccc(F)cc2)CC1,0
405,O=C(O)Cc1nn(-c2ccc(F)cc2)cc1-c1ccc(Cl)cc1,0
406,CC(C)(C)NCC(O)c1ccc(O)c(CO)n1,0
407,NS(=O)(=O)c1cc(C(=O)O)cc(N2CCCC2)c1Oc1ccccc1,0
408,COc1ccc(OC)c(Cc2cnc3nc(N)nc(N)c3c2C)c1,0
409,CC(C(=O)O)c1ccc(N2CC=CC2)c(Cl)c1,0
410,c1cc(CN2CCCNCCNCCCNCC2)ccc1CN1CCCNCCNCCCNCC1,0
411,CCC(C(C)O)n1ncn(-c2ccc(N3CCN(c4ccc(OCC5COC(Cn6cncn6)(c6ccc(F)cc6F)C5)cc4)CC3)cc2)c1=O,0
412,CCCNC1CCc2nc(N)sc2C1,0
413,CCC(C)C(=O)OC1CC(O)C=C2C=CC(C)C(CCC(O)CC(O)CC(=O)O)C21,0
414,CCN(CC)CCOC(=O)c1ccc(N)cc1,0
415,CN1CCN(CCCN2c3ccccc3Sc3ccc(Cl)cc32)CC1,0
416,CCC(=O)c1ccc2c(c1)N(CC(C)N(C)C)c1ccccc1S2,0
417,c1ccncc1,1
418,OCCOCCN1CCN(C2=Nc3ccccc3Sc3ccccc32)CC1,0
419,CCN(CC)CCCC(C)Nc1c2ccc(Cl)cc2nc2ccc(OC)cc12,0
420,Cc1nc(=O)c2cc(CN(C)c3ccc(C(=O)NC(CCC(=O)O)C(=O)O)s3)ccc2[nH]1,0
421,CCC(=O)NCCC1CCc2ccc3c(c21)CCO3,0
422,C#CCNC1CCc2ccccc21,0
423,COC(=O)C1C2CC3c4[nH]c5cc(OC)ccc5c4CCN3CC2CC(OC(=O)C=Cc2cc(OC)c(OC)c(OC)c2)C1OC,0
424,COC(=O)C1C2CC3c4[nH]c5cc(OC)ccc5c4CCN3CC2CC(OC(=O)c2cc(OC)c(OC)c(OC)c2)C1OC,0
425,C=CC1(C)CC(OC(=O)CSC2CC3CCC(C2)N3C)C2(C)C(C)CCC3(CCC(=O)C32)C(C)C1O,0
426,CCCCCCCCCCCCCCCC(=O)OCC=C(C)C=CC=C(C)C=CC1=C(C)CCCC1(C)C,0
427,CC(N)C12CC3CC(CC(C3)C1)C2,0
428,CC(NCCc1ccc(O)cc1)C(O)c1ccc(O)cc1,0
429,CC(C)c1nc(CN(C)C(=O)NC(C(=O)NC(Cc2ccccc2)CC(O)C(Cc2ccccc2)NC(=O)OCc2cncs2)C(C)C)cs1,0
430,O=C(NCC1CN(c2ccc(N3CCOCC3=O)cc2)C(=O)O1)c1ccc(Cl)s1,0
431,CCCN1CCCCC1C(=O)Nc1c(C)cccc1C,0
432,CCCN(CCc1cccs1)C1CCc2c(O)cccc2C1,0
433,OCc1cc(C(O)CNCCCCCCOCCCCc2ccccc2)ccc1O,0
434,CCC(C)(C)C(=O)OC1CC(C)C=C2C=CC(C)C(CCC3CC(O)CC(=O)O3)C21,0
435,Cc1cc2c(cc1CC(=O)c1sccc1S(=O)(=O)Nc1onc(C)c1Cl)OCO2,0
436,CC12Cc3cn[nH]c3CC1CCC1C2CCC2(C)C1CCC2(C)O,0
437,O=C(O)C(S)C(S)C(=O)O,0
438,CCC(=O)N(c1ccccc1)C1(COC)CCN(CCc2cccs2)CC1,0
439,Cc1nnc(NS(=O)(=O)c2ccc(N)cc2)s1,0
440,Nc1ccc(S(=O)(=O)Nc2ccccn2)cc1,0
441,Cc1noc(NS(=O)(=O)c2ccc(N)cc2)c1C,0
442,CC1CN(c2cc3c(cc2F)c(=O)c(C(=O)O)cn3-c2ccc(F)cc2F)CCN1,0
443,CC(C)N1CCN(c2ccc(OCC3COC(Cn4cncn4)(c4ccc(Cl)cc4Cl)O3)cc2)CC1,0
444,CC12CCC3C(CCC4=CC(=O)C=CC43C)C1CCC(=O)O2,0
445,CC12CCC(=O)C=C1CCC1C2CCC2(C)C(OC(=O)CCC3CCCC3)CCC12,0
446,CCCCCCC(=O)OC1CCC2C3CCC4=CC(=O)CCC4(C)C3CCC12C,0
447,COc1cc2c(cc1OC)C1CC(=O)C(CC(C)C)CN1CC2,0
448,CCCCNc1ccc(C(=O)OCCN(C)C)cc1,0
449,CCSc1ccc2c(c1)N(CCCN1CCN(C)CC1)c1ccccc1S2,0
450,NC(Cc1cc(I)c(Oc2cc(I)c(O)c(I)c2)c(I)c1)C(=O)O,0
451,Cc1ccsc1C(=CCCN1CCCC(C(=O)O)C1)c1sccc1C,0
452,CC(C(=O)O)c1ccc(C(=O)c2ccccc2)s1,0
453,Cc1cccc(C)c1NC(=O)C(C)N,0
454,CCCCNC(=O)NS(=O)(=O)c1ccc(C)cc1,0
455,Cc1ccc(C(=O)c2ccc(CC(=O)O)n2C)cc1,0
456,COc1ccc2c(C(=S)N(C)CC(=O)O)cccc2c1C(F)(F)F,0
457,CN(C)CCOc1ccc(C(=C(CCCl)c2ccccc2)c2ccccc2)cc1,0
458,CN(C)CCCN1c2ccccc2Sc2ccc(C(F)(F)F)cc21,0
459,OC(CCN1CCCCC1)(c1ccccc1)C1CCCCC1,0
460,COc1cc(C(=O)NCc2ccc(OCCN(C)C)cc2)cc(OC)c1OC,0
461,Cc1ccc(C(=CCN2CCCC2)c2ccccn2)cc1,0
462,CN1C2CCC1CC(OC(=O)c1c[nH]c3ccccc13)C2,0
463,CCCC(=O)Nc1c(I)cc(I)c(CC(CC)C(=O)O)c1I,0
464,COc1ccc(C(=O)N2CCN(c3ccc4c(c3)CCC(=O)N4)CC2)cc1OC,0
465,CCC1=CC2CN(C1)Cc1c([nH]c3ccccc13)C(C(=O)OC)(c1cc3c(cc1OC)N(C)C1C(O)(C(=O)OC)C(OC(C)=O)C4(CC)C=CCN5CCC31C54)C2,0
466,CC(c1ncncc1F)C(O)(Cn1cncn1)c1ccc(F)cc1F,0
467,O=C1Cc2cc(CCN3CCN(c4nsc5ccccc45)CC3)c(Cl)cc2N1,0
468,CC(CSC(=O)c1ccccc1)C(=O)N1CC(Sc2ccccc2)CC1C(=O)O,0
469,CN(C)CCC(c1ccc(Cl)cc1)c1ccccn1,0
470,Nc1ccc(C(=O)NCC(=O)O)cc1,0
471,O=C(O)c1cc(-c2ccc(F)cc2F)ccc1O,0
472,CC(CCc1ccccc1)NCC(O)c1ccc(O)c(C(N)=O)c1,0
473,CCC(=C(c1ccccc1)c1ccc(OCCN(C)C)cc1)c1ccccc1,0
474,Clc1ccc2nsnc2c1NC1=NCCN1,0
475,CCC(C)n1ncn(-c2ccc(N3CCN(c4ccc(OCC5COC(Cn6cncn6)(c6ccc(Cl)cc6Cl)O5)cc4)CC3)cc2)c1=O,0
476,O=C(c1ccc(OCCN2CCCCC2)cc1)c1c(-c2ccc(O)cc2)sc2cc(O)ccc12,0
477,CC#CC1(O)CCC2C3CCC4=CC(=O)CCC4=C3C(c3ccc(N(C)C)cc3)CC21C,0
478,CN(C)CCCN1c2ccccc2CCc2ccc(Cl)cc21,0
479,CCC1OC(=O)C(C)C(OC2CC(C)(OC)C(O)C(C)O2)C(C)C(OC2OC(C)CC(N(C)C)C2O)C(C)(OC)CC(C)C(=O)C(C)C(O)C1(C)O,0
480,CC12CCC(=O)C=C1CCC1C2CCC2(C)C(O)CCC12,0
481,CCc1cccc2c3c([nH]c12)C(CC)(CC(=O)O)OCC3,0
482,NC1=NC(=O)C(c2ccccc2)O1,0
483,CC1OC(OC2C(O)CC(OC3C(O)CC(OC4CCC5(C)C(CCC6C5CC(O)C5(C)C(C7=CC(=O)OC7)CCC65O)C4)OC3C)OC2C)CC(O)C1O,0
484,NCCNCCNCCN,1
485,C=C1CC2C(CCC3(C)C(=O)CCC23)C2(C)C=CC(=O)C=C12,0
486,CC(C(=O)O)c1ccc2oc(-c3ccc(Cl)cc3)nc2c1,0
487,CCN1CC(CCN2CCOCC2)C(c2ccccc2)(c2ccccc2)C1=O,0
488,O=C1Nc2ccccc2C1(c1ccc(O)cc1)c1ccc(O)cc1,0
489,CCOC(=O)C1(c2ccccc2)CCN(C)CC1,0
490,CN(C)CCOC(C)(c1ccccc1)c1ccccn1,0
491,CC(=O)Nc1c(I)c(NC(C)=O)c(I)c(C(=O)O)c1I,0
492,CC(=CCC1=C(C)C(=O)c2ccccc2C1=O)CCCC(C)CCCC(C)CCCC(C)C,0
493,CN(C)CCCN1c2ccccc2Sc2ccc(Cl)cc21,0
494,CC(C)(Oc1ccc(C2CC2(Cl)Cl)cc1)C(=O)O,0
495,COc1cc(N)c(Cl)cc1C(=O)NC1CCN(CCCOc2ccc(F)cc2)CC1OC,0
496,CC(=O)N(O)CCCCCNC(=O)CCC(=O)N(O)CCCCCNC(=O)CCC(=O)N(O)CCCCCN,0
497,CC(C)N(CCC(C(N)=O)(c1ccccc1)c1ccccn1)C(C)C,0
498,CC(Cc1ccc(O)cc1)NCC(O)c1cc(O)cc(O)c1,0
499,CCN(CC)CCNc1ccc(CO)c2sc3ccccc3c(=O)c12,0
500,CN(C)CCCN1c2ccccc2CCc2ccccc21,0
501,Cc1cccc(C)c1OCC(C)N,0
502,CN1CCN2c3ccccc3Cc3ccccc3C2C1,0
503,CNCCC=C1c2ccccc2CCc2ccccc21,0
504,CN1CCN(CCCN2c3ccccc3Sc3ccc(C(F)(F)F)cc32)CC1,0
505,CC12CCC3c4ccc(O)cc4CCC3C1CCC2=O,0
506,CC(=O)C1CCC2C3CCC4=CC(=O)CCC4(C)C3CCC12C,0
507,CN1CC(C(=O)NC2(C)OC3(O)C4CCCN4C(=O)C(Cc4ccccc4)N3C2=O)C=C2c3cccc4[nH]cc(c34)CC21,0
508,CCC1(c2ccccc2)C(=O)NC(=O)N(C)C1=O,0
509,C=CC1CN2CCC1CC2C(O)c1ccnc2ccc(OC)cc12,0
510,C#CC1(OC(C)=O)CCC2C3CCC4=CC(OC(C)=O)CCC4C3CCC21C,0
511,C#CC1(O)CCC2C3CCC4=CC(=O)CCC4C3CCC21CC,0
512,CCCC1CC(C(=O)NC(C(C)Cl)C2OC(SC)C(O)C(O)C2O)N(C)C1,0
513,COc1cccc2c1C(=O)c1c(O)c3c(c(O)c1C2=O)CC(O)(C(=O)CO)CC3OC1CC(N)C(O)C(C)O1,0
514,CC(CS)C(=O)N1CCCC1C(=O)O,0
515,Nc1nc(=O)c2c([nH]1)NCC(CNc1ccc(C(=O)NC(CCC(=O)O)C(=O)O)cc1)N2C=O,0
516,CCCN(CCC)C(=O)Cc1c(-c2ccc(Cl)cc2)nc2ccc(Cl)cn12,0
517,O=C1Nc2ccc(Cl)cc2C(C#CC2CC2)(C(F)(F)F)O1,0
518,CC(C)C(N)C(=O)OCC(CO)OCn1cnc2c(=O)nc(N)[nH]c21,0
519,CN(CCOc1ccc(NS(C)(=O)=O)cc1)CCc1ccc(NS(C)(=O)=O)cc1,0
520,Cc1cn(C2CC(O)C(CO)O2)c(=O)[nH]c1=O,0
521,COCc1c(C(C)C)nc(C(C)C)c(C=CC(O)CC(O)CC(=O)O)c1-c1ccc(F)cc1,0
522,CNC(=C[N+](=O)[O-])NCCSCc1ccc(CN(C)C)o1,0
523,CCCCC(CC)COC(=O)C=Cc1ccc(OC)cc1,0
524,CCCCCCCC(=O)O,1
525,CC(=O)OC1CCC2(C)C(=CCC3C2CCC2(C)C(c4cccnc4)=CCC32)C1,0
526,O=C(O)COC(=O)Cc1ccccc1Nc1c(Cl)cccc1Cl,0
527,COc1ccc(-c2ccc3cc(C(=O)O)ccc3c2)cc1C12CC3CC(CC(C3)C1)C2,0
528,Nc1ncnc2c1ncn2C1OC(COP(=O)(O)O)C(O)C1O,0
529,Nc1ncnc2c1ncn2C1OC(COP(=O)(O)OP(=O)(O)OP(=O)(O)O)C(O)C1O,0
530,COc1ccc2cccc(CCNC(C)=O)c2c1,0
531,C=CCOc1ccc(CC(=O)O)cc1Cl,0
532,C=CCc1ccccc1OCC(O)CNC(C)C,0
533,O=C(O)CN1C(=O)c2cccc3cccc(c23)C1=O,0
534,C=CCSCC1Nc2cc(Cl)c(S(N)(=O)=O)cc2S(=O)(=O)N1,0
535,COC(c1ccccc1)(c1ccccc1)C(Oc1nc(C)cc(C)n1)C(=O)O,0
536,Nc1ccncc1N,0
537,O=C(O)CCCCCCNC1c2ccccc2CCc2ccccc21,0
538,Clc1ccc2c(c1)C(N1CCNCC1)=Nc1ccccc1O2,0
539,CC(C)CN(CC(O)C(Cc1ccccc1)NC(=O)OC1CCOC1)S(=O)(=O)c1ccc(N)cc1,0
540,CCCCCON=O,0
541,c1ccc(CN(CC2=NCCN2)c2ccccc2)cc1,0
542,O=C1c2c(O)cccc2Cc2cccc(O)c21,0
543,O=C(OCCN1CCN(c2cccc(C(F)(F)F)c2)CC1)c1ccccc1Nc1ccnc2cc(C(F)(F)F)ccc12,0
544,COc1ccc(-n2nc(C(N)=O)c3c2C(=O)N(c2ccc(N4CCCCC4=O)cc2)CC3)cc1,0
545,NCCC(O)C(=O)NC1CC(N)C(OC2OC(CN)CCC2N)C(O)C1OC1OC(CO)C(O)C(N)C1O,0
546,COc1ccc(CNc2nc(N3CCCC3CO)ncc2C(=O)NCc2ncccn2)cc1Cl,0
547,CNC(=O)c1ccccc1Sc1ccc2c(C=Cc3ccccn3)n[nH]c2c1,0
548,CCCC1C(=O)N2C(N(C)C)=Nc3ccc(C)cc3N2C1=O,0
549,CN1CCC(=C2c3ccccc3CCc3cccnc32)CC1,0
550,NCC(CC(=O)O)c1ccc(Cl)cc1,0
551,COC(=O)C1=C(C)NC(C)=C(C(=O)OC2CCN(Cc3ccccc3)C2)C1c1cccc([N+](=O)[O-])c1,0
552,CCOC(=O)C(C)(CC)Oc1ccc(Cc2ccc(Cl)cc2)cc1,0
553,CC(c1ccccc1)C1Nc2cc(Cl)c(S(N)(=O)=O)cc2S(=O)(=O)N1,0
554,O=C(CNC(=O)c1ccc(Cl)cc1)NO,0
555,CCc1oc2ccccc2c1C(=O)c1cc(Br)c(O)c(Br)c1,0
556,CCOC(=O)c1ccc(N)cc1,0
557,O=C(c1ccccc1)c1ccccc1,0
558,NS(=O)(=O)c1cc2c(cc1Cl)NC(Cc1ccccc1)NS2(=O)=O,0
559,CC#CCC(C)C(O)C=CC1C(O)CC2Oc3c(CCCC(=O)O)cccc3C21,0
560,CCOC(=O)CC(O)CC(O)C=CC1=C(c2ccc(F)cc2)c2ccccc2OC12CCCC2,0
561,CNCCc1ccccn1,0
562,CCC(=O)OCC(=O)C1(OC(=O)CC)C(C)CC2C3CCC4=CC(=O)C=CC4(C)C3(F)C(O)CC21C,0
563,CCC(CCC(C)C1CCC2C3CC=C4CC(O)CCC4(C)C3CCC12C)C(C)C,0
564,COc1ccc(CCNCC(O)COc2cccc(C)c2)cc1OC,0
565,CN1CCCC1COC(=O)C(Oc1ccc(Cl)cc1)Oc1ccc(Cl)cc1,0
566,CC(C)(Oc1ccc(Cl)cc1)C(=O)OC(COC(=O)c1cccnc1)COC(=O)c1cccnc1,0
567,CC(C)(C)NC(=O)NC(C(=O)N1CC2C(C1C(=O)NC(CC1CCC1)C(=O)C(N)=O)C2(C)C)C(C)(C)C,0
568,CC(C)CC(NC(=O)C(Cc1ccccc1)NC(=O)c1cnccn1)B(O)O,0
569,CN(Cc1cc(Br)cc(Br)c1N)C1CCCCC1,0
570,CN(C)CCOC(c1ccccc1)c1ccc(Br)cc1,0
571,Cc1nnc2n1-c1sc(Br)cc1C(c1ccccc1Cl)=NC2,0
572,O=C(O)CCC(=O)c1ccc(C2CCCCC2)c(Cl)c1,0
573,CCCCOc1ccc(CC(=O)NO)cc1,0
574,CCCCC(C(=O)O)C(=O)N(Nc1ccccc1)c1ccccc1,0
575,CS(=O)(=O)OCCCCOS(C)(=O)=O,0
576,CCC(C(=O)O)c1ccc(CC(C)C)cc1,0
577,CC(C)CC1Nc2cc(Cl)c(S(N)(=O)=O)cc2S(=O)(=O)N1,0
578,CC(CC1c2ccccc2CCc2ccccc21)CN(C)C,0
579,C=C1C(=CC=C2CCCC3(C)C2CCC3C(C)CCCC(C)(C)O)CC(O)CC1O,0
580,CC1CC2=CC(=O)CCC2(C)C2CCC3(C)C(CCC3(C)O)C12,0
581,CN(C)CCOC(c1ccc(Cl)cc1)c1ccccn1,0
582,CC(C)CC(NC(=O)C(CCc1ccccc1)NC(=O)CN1CCOCC1)C(=O)NC(Cc1ccccc1)C(=O)NC(CC(C)C)C(=O)C1(C)CO1,0
583,NC(C(=O)NC1C(=O)N2C(C(=O)O)=C(Cl)CSC12)c1ccccc1,0
584,CC1=C(C(=O)O)N2C(=O)C(NC(=O)C(N)c3ccc(O)cc3)C2SC1,0
585,C=CC1=C(C(=O)O)N2C(=O)C(NC(=O)C(=NOCC(=O)O)c3csc(N)n3)C2SC1,0
586,COCC1=C(C(=O)O)N2C(=O)C(NC(=O)C(=NOC)c3csc(N)n3)C2SC1,0
587,CC=CC1=C(C(=O)O)N2C(=O)C(NC(=O)C(N)c3ccc(O)cc3)C2SC1,0
588,Cc1oc(=O)oc1COC(=O)N1CCC(N2CCC(=CC3=C(C(=O)O)N4C(=O)C(NC(=O)C(=NO)c5nsc(N)n5)C4SC3)C2=O)C1,0
589,CC(=O)OCC1=C(C(=O)O)N2C(=O)C(NC(=O)C(N)c3ccccc3)C2SC1,0
590,CN(C)CCOC(C)(c1ccccc1)c1ccc(Cl)cc1,0
591,c1ccc(C2(c3ccccc3)CC2C2=NCCN2)cc1,0
592,CC1(C)CC1C(=O)NC(=CCCCCSCC(N)C(=O)O)C(=O)O,0
593,COc1ccc2c(c1)c(CC(=O)O)c(C)n2C(=O)C=Cc1ccccc1,0
594,C(=Cc1ccccc1)CN1CCN(C(c2ccccc2)c2ccccc2)CC1,0
595,CN1C(C(=O)Nc2ccccn2)=C(OC(=O)C=Cc2ccccc2)c2ccccc2S1(=O)=O,0
596,CCn1nc(C(=O)O)c(=O)c2cc3c(cc21)OCO3,0
597,Nc1nc(Cl)nc2c1ncn2C1CC(O)C(CO)O1,0
598,NC1CCN(c2c(F)cc3c(=O)c(C(=O)O)cn(C4CC4)c3c2Cl)C1,0
599,CCC(C)(Oc1ccc(C2(c3ccc(OC(C)(CC)C(=O)O)cc3)CCCCC2)cc1)C(=O)O,0
600,CC(C)(OCc1ccc(-c2ccc(Cl)cc2)cc1)C(=O)O,0
601,COc1ccc2c(C(=O)c3ccc(Cl)cc3)c(C)n(CC(=O)O)c2c1,0
602,O=C(O)C1N=C(c2ccccc2)c2cc(Cl)ccc2NC1=O,0
603,CN1CCN(C2=Nc3cc(Cl)ccc3Nc3ccccc32)CC1,0
604,CCC1CC(=O)C2Oc3c(OC)ccc4c3C23CCN(CC2CC2)C(C4)C13,0
605,CC1CC(OC(=O)C2CCC(=O)N2)CC(C)(C)C1,0
606,CC(Oc1cc(-c2cnn(C3CCNCC3)c2)cnc1N)c1c(Cl)ccc(F)c1Cl,0
607,CC1(C)SC2C(NC(=O)C3(N)CCCCC3)C(=O)N2C1C(=O)O,0
608,NS(=O)(=O)c1cc2c(cc1Cl)NC(CC1CCCC1)NS2(=O)=O,0
609,NC1CONC1=O,0
610,OC(CCN1CCCCC1)(c1ccccc1)C1CCCC1,0
611,CC(=O)C1(O)CCC2C3C=C(Cl)C4=CC(=O)C5CC5C4(C)C3CCC21C,0
612,Nc1ccncc1,0
613,CCN(CC)CCS(=O)(=O)C1CCN2C(=O)c3coc(n3)CC(=O)CC(O)C=C(C)C=CCNC(=O)C=CC(C)C(C(C)C)OC(=O)C12,0
614,Cc1cc(C2=C(C=CC3CC(O)CC(=O)O3)C(C)(C)CC(C)(C)C2)ccc1F,0
615,C#CC1(O)CCC2C3CCC4=Cc5oncc5CC4(C)C3CCC21C,0
616,O=C(O)c1ccc(-n2nc(-c3ccccc3O)nc2-c2ccccc2O)cc1,0
617,C#CC1(O)CCC2C3CCC4=CCCCC4C3C(=C)CC21CC,0
618,CC(=O)OCC(=O)C1(O)C(C)CC2C3CCC4=CC(=O)C=CC4(C)C3(F)C(O)CC21C,0
619,CN(C)CCN1C(=O)c2ccccc2N(C)c2ccccc21,0
620,CCCCOc1cc(C(=O)NCCN(CC)CC)c2ccccc2n1,0
621,CCN(CC)CCOC(=O)C1(C2CCCCC2)CCCCC1,0
622,COc1ccc2c3c1OC1C(O)CCC4C(C2)N(C)CCC341,0
623,CC1CCC(O)CC1=CC=C1CCCC2(C)C1CCC2C(C)C=CC(C)C(C)C,0
624,CN(C)CCCN1c2ccccc2C(C)(C)c2ccccc21,0
625,CCCCCC(O)C=CC1C(O)CC(=O)C1CC=CCCCC(=O)O,0
626,O=C(Cc1ccc(-c2ccccc2)cc1)Nc1ccccn1,0
627,CC12CCC(=O)C=C1C1CC1C1C2CCC2(C)C1C1CC1C21CCC(=O)O1,0
628,CC1CC2(C)C(CCC3C4CCC(O)C4(C)CCC32)CC1=O,0
629,CN1c2c(oc(=O)n(-c3ccccn3)c2=O)-c2ccccc2S1(=O)=O,0
630,CC(C)(Oc1ccc(Cl)cc1)C(=O)Oc1ccc(Cl)cc1,0
631,CC(=O)C1CCC2C3C=CC4=CC(=O)CCC4(C)C3CCC12C,0
632,CC(C)(C)c1ccc(C(=O)CCCN2CCC(OC(c3ccccc3)c3ccccc3)CC2)cc1,0
633,Nc1nc(=O)n(C2CSC(CO)O2)cc1F,0
634,CC(NC(CCc1ccccc1)C(=O)O)C(=O)N1CCCC1C(=O)O,0
635,COc1ccc(C(=O)Nc2ccccc2CCC2CCCCN2C)cc1,0
636,CCn1cc(C(=O)O)c(=O)c2cc(F)c(N3CCNCC3)nc21,0
637,CCN(CC)C(=O)C(C#N)=Cc1cc(O)c(O)c([N+](=O)[O-])c1,0
638,CNCC(O)c1ccc(O)c(O)c1,0
639,NS(=O)(=O)c1cc2c(cc1Cl)NC(CSCC(F)(F)F)NS2(=O)=O,0
640,COC(=O)C1CC2=CC(=O)CCC2(C)C23OC2CC2(C)C(CCC24CCC(=O)O4)C13,0
641,CC(=O)Oc1ccc2c(c1)CCC1C2CCC2(C)C(O)CCC12,0
642,CC12CCC3c4ccc(O)cc4CCC3C1CCC2OC(=O)CCC1CCCC1,0
643,CCCCC(=O)OC1CCC2C3CCc4cc(O)ccc4C3CCC12C,0
644,C=C(CC)C(=O)c1ccc(OCC(=O)O)c(Cl)c1Cl,0
645,C#CC1(O)CCC2C3CCc4cc(O)ccc4C3CCC21C,0
646,O=C(OCCOCCO)c1ccccc1Nc1cccc(C(F)(F)F)c1,0
647,CC(C)(Oc1ccc(Cl)cc1)C(=O)OCCOC(=O)c1cccnc1,0
648,C#CC1(O)CCC2C3CCC4=CC(=O)CCC4C3C(=C)CC21CC,0
649,NC(N)=Nc1nc(CSCCC(N)=NS(N)(=O)=O)cs1,0
650,Cc1nc(-c2ccc(OCC(C)C)c(C#N)c2)sc1C(=O)O,0
651,O=C(O)Cc1ccc(-c2ccccc2)cc1,0
652,O=C(O)Cc1ccccc1Oc1ccc(Cl)cc1Cl,0
653,CC(C)(Oc1ccc(C(O)c2ccc(Cl)cc2)cc1)C(=O)O,0
654,CC(C)=CCC1C(=O)N(c2ccccc2)N(c2ccccc2)C1=O,0
655,NC(=O)C1CC2(NC(=O)NC2=O)c2cc(F)ccc2O1,0
656,O=C(OCC(O)CO)c1ccccc1Nc1ccnc2c(C(F)(F)F)cccc12,0
657,Cn1cc(S(C)=O)c(=O)c2ccc(F)cc21,0
658,CC12CCC(=O)C=C1CCC1C3CCC(O)(C(=O)CO)C3(C)CC(O)C12F,0
659,O=C(O)c1ccccc1Nc1cccc(C(F)(F)F)c1,0
660,O=C1c2ccccc2C(=O)C1c1ccc(F)cc1,0
661,CC1CC2C3CC(F)C4=CC(=O)C=CC4(C)C3(F)C(O)CC2(C)C1(O)C(=O)COC(=O)C(C)(C)C,0
662,CN1C(=O)CN=C(c2ccccc2F)c2cc([N+](=O)[O-])ccc21,0
663,CC(C(=O)O)c1ccc2oc(-c3ccc(F)cc3)nc2c1,0
664,CCCCCCCCCC(=O)OCCN1CCN(CCCN2c3ccccc3Sc3ccc(C(F)(F)F)cc32)CC1,0
665,CCCCCCC(=O)OCCN1CCN(CCCN2c3ccccc3Sc3ccc(C(F)(F)F)cc32)CC1,0
666,CC12C=CC(=O)C=C1C(F)CC1C2C(O)CC2(C)C1CCC2(O)C(=O)CO,0
667,CC1CC2C3CC(F)C4=CC(=O)C=CC4(C)C3(F)C(O)CC2(C)C1(O)C(=O)SCF,0
668,CC(C)CN(CC(OP(=O)(O)O)C(Cc1ccccc1)NC(=O)OC1CCOC1)S(=O)(=O)c1ccc(N)cc1,0
669,NS(=O)(=O)c1cc(C(=O)O)c(NCc2ccco2)cc1Cl,0
670,CC(OC(=O)NCC1(CC(=O)O)CCCCC1)OC(=O)C(C)C,0
671,CC1NCc2cc(-c3ccc4c(=O)c(C(=O)O)cn(C5CC5)c4c3OC(F)F)ccc21,0
672,CC(C)c1nc(-c2ccccc2)cc(-c2ccc(F)cc2)c1C=CC1CC(O)CC(=O)O1,0
673,Cc1ccc(S(=O)(=O)NC(=O)NN2CC3CCCC3C2)cc1,0
674,CCC1=C(C)CN(C(=O)NCCc2ccc(S(=O)(=O)NC(=O)NC3CCC(C)CC3)cc2)C1=O,0
675,Cc1cnc(C(=O)NCCc2ccc(S(=O)(=O)NC(=O)NC3CCCCC3)cc2)cn1,0
676,COc1ccc2c(c1)C(=O)N(CCc1ccc(S(=O)(=O)NC(=O)NC3CCCCC3)cc1)C(=O)C2(C)C,0
677,Cc1cc(C(=O)NCCc2ccc(S(=O)(=O)NC(=O)NN3CCCCCC3)cc2)no1,0
678,COc1ccc2c(c1)c(CC(=O)NC(C=O)C(O)C(O)C(O)CO)c(C)n2C(=O)c1ccc(Cl)cc1,0
679,COCCOc1cnc(NS(=O)(=O)c2ccccc2)nc1,0
680,COC1=CC(=O)CC(C)C12Oc1c(Cl)c(OC)cc(OC)c1C2=O,0
681,O=C(CCCN1CCC(O)(c2ccc(Cl)cc2)CC1)c1ccc(F)cc1,0
682,CCCCCCCCCC(=O)OC1(c2ccc(Cl)cc2)CCN(CCCC(=O)c2ccc(F)cc2)CC1,0
683,CCC1(C2=CCCCCC2)C(=O)NC(=O)NC1=O,0
684,CC1(C)SC2C(N3C(=O)C(c4ccccc4)NC3(C)C)C(=O)N2C1C(=O)O,0
685,CC(CNC1CCCCC1)OC(=O)c1ccccc1,0
686,CCCC(=O)OC1(C(=O)CO)CCC2C3CCC4=CC(=O)CCC4(C)C3C(O)CC21C,0
687,CCCC(=O)OC1(C(=O)COC(=O)CC)CCC2C3CCC4=CC(=O)CCC4(C)C3C(O)CC21C,0
688,CCCCC(=O)OC1(C(=O)CO)CCC2C3CCC4=CC(=O)CCC4(C)C3C(O)CC21C,0
689,NS(=O)(=O)c1cc2c(cc1C(F)(F)F)NCNS2(=O)=O,0
690,CCCCCC(=O)OC1(C(C)=O)CCC2C3CCC4=CC(=O)CCC4(C)C3CCC21C,0
691,CC(C)Cc1ccc(C(C)C(=O)NO)cc1,0
692,C[N+](C)([O-])CCCN1c2ccccc2CCc2ccccc21,0
693,O=C1NC(=O)C2(N1)c1cc(F)ccc1-c1ccc(F)cc12,0
694,IC(I)I,0
695,CN(C(=O)CO)c1c(I)c(C(=O)NCC(O)CO)c(I)c(C(=O)NCC(O)CO)c1I,0
696,CN(C)CCCn1c2c(c3ccccc31)CCCCCC2,0
697,CNC(C)CCC=C(C)C,0
698,O=[N+]([O-])OC1COC2C(O[N+](=O)[O-])COC12,0
699,CC(CN1c2ccccc2Sc2cccnc21)N(C)C,0
700,COc1cc2c(cc1OC)CC(=O)N(CCCN(C)CC1Cc3cc(OC)c(OC)cc31)CC2,0
701,CC(C)(C)c1cc(C(C)(C)C)c(NC(=O)c2c[nH]c3ccccc3c2=O)cc1O,0
702,CC(=O)CCC1C(=O)N(c2ccccc2)N(c2ccccc2)C1=O,0
703,Nc1ccn(C2CSC(CO)O2)c(=O)n1,0
704,Oc1ccc2c(c1)CCC(c1ccccc1)C2c1ccc(OCCN2CCCC2)cc1,0
705,NC(CS)C(=O)O,0
706,COC(=O)C1=C(C)NC(C)=C(C(=O)OC(C)(C)CN(C)CCC(c2ccccc2)c2ccccc2)C1c1cccc([N+](=O)[O-])c1,0
707,C=CCN1CCC23CCCCC2C1Cc1ccc(O)cc13,0
708,CC(N)C(O)c1ccc(O)c(O)c1,0
709,Cc1cccc(C)c1NC(=O)CN1CCN(CCCC(c2ccc(F)cc2)c2ccc(F)cc2)CC1,0
710,O=C(O)Cn1cc(Cc2nc3c(F)c(F)cc(F)c3s2)c2ccccc21,0
711,CN1CCC(OC(=O)C(Oc2ccc(Cl)cc2)Oc2ccc(Cl)cc2)CC1,0
712,CC#CCn1c(N2CCCC(N)C2)nc2c1c(=O)n(Cc1nc(C)c3ccccc3n1)c(=O)n2C,0
713,NCCCCC(NC(CCc1ccccc1)C(=O)O)C(=O)N1CCCC1C(=O)O,0
714,O=C(O)Cc1cn(-c2ccccc2)nc1-c1ccc(Cl)cc1,0
715,Cc1cccc(C)c1OCC(=O)NC(Cc1ccccc1)C(O)CC(Cc1ccccc1)NC(=O)C(C(C)C)N1CCCNC1=O,0
716,CN1CCN(C=C2N=C3CN=C(c4ccccc4Cl)c4cc([N+](=O)[O-])ccc4N3C2=O)CC1,0
717,CN1C(=O)C(O)N=C(c2ccccc2Cl)c2cc(Cl)ccc21,0
718,CN1C(C(=O)Nc2ccccn2)=C(O)c2sc(Cl)cc2S1(=O)=O,0
719,CC(C(=O)O)c1ccc(CC2CCCC2=O)cc1,0
720,NC(Cc1ccc(O)cc1)C(=O)O,0
721,CCCCC(F)(F)C1(O)CCC2C(CC(=O)C2CCCCCCC(=O)O)O1,0
722,NCc1ccc(S(N)(=O)=O)cc1,0
723,COC(=O)C1=C(C)NC(C)=C(C(=O)OCCN2CCN(C(c3ccccc3)c3ccccc3)CC2)C1c1cccc([N+](=O)[O-])c1,0
724,Cc1nnc(C(C)C)n1C1CC2CCC(C1)N2CCC(NC(=O)C1CCC(F)(F)CC1)c1ccccc1,0
725,OC1(c2ccc(Cl)cc2)c2ccccc2C2=NCCN21,0
726,CN1CCc2c(c3ccccc3n2Cc2ccccc2)C1,0
727,CCC(C)C(C)C1Nc2cc(Cl)c(S(N)(=O)=O)cc2S(=O)(=O)N1,0
728,CC(=O)C1CCC2C3CC(C)C4=CC(=O)CCC4(C)C3C(O)CC12C,0
729,CC(=O)OC1(C(C)=O)CCC2C3C=C(C)C4=CC(=O)CCC4(C)C3CCC21C,0
730,CN1CCCC(CN2c3ccccc3Sc3ccccc32)C1,0
731,CNC(C)(C)Cc1ccccc1,0
732,COc1ccc(CN(CCN(C)C)c2ccccn2)cc1,0
733,c1ccc2c(c1)Sc1ccccc1N2CC1CN2CCC1CC2,0
734,CN1CCCCC1CCN1c2ccccc2Sc2ccc(S(C)=O)cc21,0
735,CC12C=CC(=O)C=C1CCC1C2CCC2(C)C1CCC2(C)O,0
736,CN(Cc1cnc2nc(N)nc(N)c2n1)c1ccc(C(=O)NC(CCC(=O)O)C(=O)O)cc1,0
737,Cc1cc2c(cc1S(N)(=O)=O)S(=O)(=O)CCC2,0
738,CCC(C)C(=O)OC1CCC=C2C=CC(C)C(CCC3CC(O)CC(=O)O3)C21,0
739,CC1COC2(c3ccccc3Cl)c3cc(Cl)ccc3NC(=O)CN12,0
740,O=C1CC2(C(=O)N1)C(=O)N(Cc1ccc(Br)cc1F)C(=O)c1ccc(F)cc12,0
741,Nc1nc(CC(=O)Nc2ccc(CCNCC(O)c3ccccc3)cc2)cs1,0
742,CN1CCN2c3ncccc3Cc3ccccc3C2C1,0
743,CN(c1nccc(=O)[nH]1)C1CCN(c2nc3ccccc3n2Cc2ccc(F)cc2)CC1,0
744,CCCCC1C(=O)NN(c2ccccc2)C1=O,0
745,O=C(OCCN1CCOCC1)c1cccnc1Nc1cccc(C(F)(F)F)c1,0
746,COc1c(C)c2c(c(O)c1CC=C(C)CCC(=O)OCCN1CCOCC1)C(=O)OC2,0
747,COc1c(C)c2c(c(O)c1CC=C(C)CCC(=O)O)C(=O)OC2,0
748,CCN(CC)CCOC(=O)C(Cc1cccc2ccccc12)CC1CCCO1,0
749,CCn1cc(C(=O)O)c(=O)c2ccc(C)nc21,0
750,C=CCN1CCC23c4c5ccc(O)c4OC2C(O)C=CC3C1C5,0
751,CC1CC=CC=CC=CC=CC(OC2OC(C)C(O)C(N)C2O)CC2OC(O)(CC(O)CC3OC3C=CC(=O)O1)CC(O)C2C(=O)O,0
752,CC(C)C1CCC(C(=O)NC(Cc2ccccc2)C(=O)O)CC1,0
753,COc1nc(N)nc2c1ncn2C1OC(CO)C(O)C1O,0
754,O=C(CCNNC(=O)c1ccncc1)NCc1ccccc1,0
755,CC(C)(Oc1ccc(Cl)cc1)C(=O)OCc1cccnc1,0
756,CC1CS(=O)(=O)CCN1N=Cc1ccc([N+](=O)[O-])o1,0
757,CS(=O)(=O)Nc1ccc([N+](=O)[O-])cc1Oc1ccccc1,0
758,O=C1NCCN1c1ncc([N+](=O)[O-])s1,0
759,O=C1CCCC(=O)C1C(=O)c1ccc(C(F)(F)F)cc1[N+](=O)[O-],0
760,CNC(=C[N+](=O)[O-])NCCSCc1csc(CN(C)C)n1,0
761,Fc1ccc(Cn2c(NC3CCNCC3)nc3ccccc32)cc1,0
762,C#CC1(O)CCC2C3CCC4=CC(=NO)CCC4C3CCC21CC,0
763,C#CC1(OC(C)=O)CCC2C3CCC4=CC(=O)CCC4C3CCC21C,0
764,C#CC1(O)CCC2C3CCC4=C(CCC(=O)C4)C3CCC21C,0
765,COc1ccc2c(c1OC)C(=O)OC2C1c2c(cc3c(c2OC)OCO3)CCN1C,0
766,CN(C)CCON=C1c2ccccc2CCc2ccccc21,0
767,CCCCCCCCCCCC(CC1OC(=O)C1CCCCCC)OC(=O)C(CC(C)C)NC=O,0
768,COc1ccc2c(c1)c(CC(=O)NO)c(C)n2C(=O)c1ccc(Cl)cc1,0
769,CC(C)NCC1CCc2cc(CO)c([N+](=O)[O-])cc2N1,0
770,CC12COC(=O)CC1CCC1C2CCC2(C)C1CCC2(C)O,0
771,CN(C(=O)CN(CCO)CC(=O)N(C)C(C)(C)Cc1ccccc1)C(C)(C)Cc1ccccc1,0
772,CC12CC(=CO)C(=O)CC1CCC1C2CCC2(C)C1CCC2(C)O,0
773,NS(=O)(=O)c1cc2c(cc1Cl)NC(Cc1ccc(F)cc1)NS2(=O)=O,0
774,CC(=O)OCC(=O)C1(O)C(C)CC2C3CC(F)C4=CC(=O)C=CC4(C)C3C(O)CC21C,0
775,CCC(=O)NS(=O)(=O)c1ccc(-c2c(-c3ccccc3)noc2C)cc1,0
776,C#CCN(C)Cc1ccccc1,0
777,CC(C=CC(C)C(C)(C)O)C1CCC2C(=CC=C3CC(O)CC(O)C3)CCCC21C,0
778,CC1COc2c(C3(N)CC3)c(F)cc3c(=O)c(C(=O)O)cn1c23,0
779,CCCCC(O)C=C(C)C=CC=CC(=O)N1CCCC1=O,0
780,CCCCCC1Nc2cc(C(F)(F)F)c(S(N)(=O)=O)cc2S(=O)(=O)N1,0
781,CSCCC(NC(=O)C(Cc1c[nH]c2ccccc12)NC(=O)CCNC(=O)OC(C)(C)C)C(=O)NC(CC(=O)O)C(=O)NC(Cc1ccccc1)C(N)=O,0
782,CCCCCNC12C=CC(=O)C3Oc4c(O)ccc5c4C31CCN(C)C2C5,0
783,C1CCc2nnnn2CC1,0
784,OCCN1CCN(CCCN2c3ccccc3Sc3ccc(Cl)cc32)CC1,0
785,CC(Oc1ccccc1)C(=O)NC1C(=O)N2C1SC(C)(C)C2C(=O)O,0
786,CN1CCC2=C(C1)C(c1ccccc1)c1ccccc12,0
787,CCC1(c2ccccc2)C(=O)NC(=O)NC1=O,0
788,O=C1OC(c2ccc(O)cc2)(c2ccc(O)cc2)c2ccccc21,0
789,CCC(c1ccccc1)c1c(O)c2ccccc2oc1=O,0
790,O=C(O)c1ccccc1C(=O)Nc1ccc(S(=O)(=O)Nc2nccs2)cc1,0
791,CC(C)(Oc1ccc(Cl)cc1)C(=O)OCCNC(=O)c1cccnc1,0
792,CCCCC1(CN2CCN(C)CC2)C(=O)N(c2ccccc2)N(c2ccccc2)C1=O,0
793,Cc1ccc(=O)n(-c2ccccc2)c1,0
794,CC(C)(Oc1ccc(Cl)cc1)C(=O)OCc1cccc(CO)n1,0
795,CN1CCC(=C2c3ccccc3CCc3sccc32)CC1,0
796,COc1cc(C2c3cc4c(cc3C(O)C3COC(=O)C23)OCO4)cc(OC)c1OC,0
797,O=C(O)Cc1nn(Cc2ccc(Br)cc2F)c(=O)c2ccccc12,0
798,CCOC(=O)C1Oc2ccc(Cl)cc2C(C)c2cc(Cl)ccc2O1,0
799,CC(=O)Nc1ccc(OCC(O)CNC(C)C)cc1,0
800,C#CCC(Cc1cnc2nc(N)nc(N)c2n1)c1ccc(C(=O)NC(CCC(=O)O)C(=O)O)cc1,0
801,CC(C(=O)O)c1ccc2c(c1)Cc1cccnc1O2,0
802,CCOC(=O)OC1(C(=O)COC(=O)CC)CCC2C3CCC4=CC(=O)C=CC4(C)C3C(O)CC21C,0
803,CC(C)(C)CC(=O)OCC(=O)C1(O)CCC2C3CCC4=CC(=O)C=CC4(C)C3C(O)CC21C,0
804,CC(Cc1ccccc1)NCCC(c1ccccc1)c1ccccc1,0
805,CCCN(CCC)S(=O)(=O)c1ccc(C(=O)O)cc1,0
806,CNC(C)CC1CCCCC1,0
807,CCCc1cc(C(N)=S)ccn1,0
808,CN1CCCN=C1C=Cc1cccs1,0
809,Cc1ncc(CSSCc2cnc(C)c(O)c2CO)c(CO)c1O,0
810,CC(=O)C(=O)O,1
811,C#CC1(O)CCC2C3CCc4cc(OC5CCCC5)ccc4C3CCC21C,0
812,CCOC(=O)C(CCc1ccccc1)NC(C)C(=O)N1C(C(=O)O)CC2CCCC21,0
813,O=C1CC2(C(=O)N1)C(=O)N(Cc1ccc(Br)cc1F)C(=O)c1cccn12,0
814,CCOc1ccccc1OC(c1ccccc1)C1CNCCO1,0
815,CNC(=O)c1cnn(-c2nc(N)c3ncn(C4OC(CO)C(O)C4O)c3n2)c1,0
816,CC(Cc1ccccc1)(NC(=O)CN)c1ccccc1,0
817,CCOc1cc(CC(=O)NC(CC(C)C)c2ccccc2N2CCCCC2)ccc1C(=O)O,0
818,NC(=O)c1ncn(C2OC(CO)C(O)C2O)n1,0
819,CCCCCOc1ccc(C2SC(=O)NC2=O)cc1OCC,0
820,Cc1nc(-c2ccc(Cl)cc2)oc1COC(C)(C)C(=O)O,0
821,CC=C1NC(=O)C2CSSCCC=CC(CC(=O)NC(C(C)C)C(=O)N2)OC(=O)C(C(C)C)NC1=O,0
822,CC(C)(Oc1ccc(Cl)cc1)C(=O)OCCCOC(=O)c1cccnc1,0
823,CN(C)CC1CCn2cc(c3ccccc32)C2=C(C(=O)NC2=O)c2cn(c3ccccc23)CCO1,0
824,CC(=O)Oc1ccccc1C(=O)OC(COC(=O)C(C)(C)Oc1ccc(Cl)cc1)COC(=O)C(C)(C)Oc1ccc(Cl)cc1,0
825,O=C(Oc1ccccc1C(=O)O)c1ccccc1O,0
826,CC(=O)NC(CCSC(=O)C(C)(C)Oc1ccc(Cl)cc1)C(=O)O,0
827,O=C1NCCN1CCN1CCC(c2cn(-c3ccc(F)cc3)c3ccc(Cl)cc23)CC1,0
828,CC(Cc1cc2c(c(C(N)=O)c1)N(CCCO)CC2)NCCOc1ccccc1OCC(F)(F)F,0
829,CC(C)(Oc1ccc(Cl)cc1)C(=O)OCCCOC(=O)C(C)(C)Oc1ccc(Cl)cc1,0
830,NC1CN(c2c(F)cc3c(=O)c(C(=O)O)cn(C4CC4F)c3c2Cl)CC12CC2,0
831,CCC(CCC(C)C1CCC2C3CC=C4CC(OC(=O)C(C)(C)Oc5ccc(Cl)cc5)CCC4(C)C3CCC12C)C(C)C,0
832,O=C1NC(=O)C2(CCOc3ccc(F)cc32)N1,0
833,CC1CN(c2c(F)c(N)c3c(=O)c(C(=O)O)cn(C4CC4)c3c2F)CC(C)N1,0
834,CC(=O)SC1CC2=CC(=O)CCC2(C)C2CCC3(C)C(CCC34CCC(=O)O4)C12,0
835,CC(C)(C)C(O)C=Cc1ccc2c(c1)OCO2,0
836,CC1(C)C(C(=O)O)N2C(=O)CC2S1(=O)=O,0
837,Nc1ccc(S(=O)(=O)NC(=O)c2ccccc2)cc1,0
838,Nc1ccc(S(=O)(=O)Nc2ccc(Cl)nn2)cc1,0
839,CCn1ccc(NS(=O)(=O)c2ccc(N)cc2)nc1=O,0
840,COc1cc(NS(=O)(=O)c2ccc(N)cc2)nc(OC)n1,0
841,COc1ncnc(NS(=O)(=O)c2ccc(N)cc2)c1OC,0
842,CCc1nnc(NS(=O)(=O)c2ccc(N)cc2)s1,0
843,Cc1ccnc(NS(=O)(=O)c2ccc(N)cc2)n1,0
844,COc1cnc(NS(=O)(=O)c2ccc(N)cc2)nc1,0
845,Cc1cc(C)nc(NS(=O)(=O)c2ccc(N)cc2)n1,0
846,COc1ccc(NS(=O)(=O)c2ccc(N)cc2)nn1,0
847,O=C(O)c1cc(N=Nc2ccc(S(=O)(=O)Nc3ccccn3)cc2)ccc1O,0
848,Nc1ccc(S(=O)(=O)Nc2nccs2)cc1,0
849,CC1=C(CC(=O)O)c2cc(F)ccc2C1=Cc1ccc(S(C)=O)cc1,0
850,CS(=O)(=O)NC(=O)CCCC=CCC1C(=O)CC(O)C1C=CC(O)COc1ccccc1,0
851,NS(=O)(=O)c1ccc(N2CCCCS2(=O)=O)cc1,0
852,CC(C(=O)O)c1ccc(C(=O)c2cccs2)cc1,0
853,CCCCC1(COC(=O)CCC(=O)O)C(=O)N(c2ccccc2)N(c2ccccc2)C1=O,0
854,O=C1OC(OC(=O)c2cccnc2Nc2cccc(C(F)(F)F)c2)c2ccccc21,0
855,CC1(Cn2ccnn2)C(C(=O)O)N2C(=O)CC2S1(=O)=O,0
856,NS(=O)(=O)c1cc2c(cc1Cl)NC(C(Cl)(Cl)Cl)NS2(=O)=O,0
857,Cc1scc2c1N(C(=O)CN1CCN(C)CC1)c1ccccc1NC2=O,0
858,CCCc1nc2c(C)cc(-c3nc4ccccc4n3C)cc2n1Cc1ccc(-c2ccccc2C(=O)O)cc1,0
859,COc1cc(C2c3cc4c(cc3C(OC3OC5COC(c6cccs6)OC5C(O)C3O)C3COC(=O)C23)OCO4)cc(OC)c1O,0
860,CCC(C)(C)C(=O)OC1CC(C)C=C2C=CC(C)C(CCC(O)CC(O)CC(=O)O)C21,0
861,CC(Cn1cnc2c(N)ncnc21)OCP(=O)(O)O,0
862,CCC(=O)OC1CCC2C3CCC4=CC(=O)CCC4(C)C3CCC12C,0
863,c1ccc2[nH]c(-c3cscn3)nc2c1,0
864,CS(=O)(=O)c1ccc(C(O)C(CO)NC(=O)C(Cl)Cl)cc1,0
865,C=CCC1(C(C)CCC)C(=O)NC(=S)NC1=O,0
866,CN1CCN(CCC=C2c3ccccc3Sc3ccc(S(=O)(=O)N(C)C)cc32)CC1,0
867,CC(C)(Oc1ccc(Cl)cc1)C(=O)OCCSCCCCCCCCCCSCCOC(=O)C(C)(C)Oc1ccc(Cl)cc1,0
868,CCCSc1nc(NC2CC2c2ccc(F)c(F)c2)c2nnn(C3CC(OCCO)C(O)C3O)c2n1,0
869,CC(C)(Oc1ccc(Cl)cc1)C(=O)N1CSCC1C(=O)O,0
870,CC(S)C(=O)NCC(=O)O,0
871,CCCC1(CCc2ccccc2)CC(O)=C(C(CC)c2cccc(NS(=O)(=O)c3ccc(C(F)(F)F)cn3)c2)C(=O)O1,0
872,Cc1c(C)c2c(c(C)c1OC(=O)C(C)(C)Oc1ccc(Cl)cc1)CCC(C)(CCCC(C)CCCC(C)CCCC(C)C)O2,0
873,Cc1ccc(C(=O)c2cc(O)c(O)c([N+](=O)[O-])c2)cc1,0
874,Cc1c(Cl)cccc1Nc1ccccc1C(=O)O,0
875,Cc1cccc(N(C)C(=S)Oc2ccc3ccccc3c2)c1,0
876,CC1(C)OC2COC3(COS(N)(=O)=O)OC(C)(C)OC3C2O1,0
877,Cc1cccc(Nc2ccncc2S(=O)(=O)NC(=O)NC(C)C)c1,0
878,NC1CCN(c2nc3c(cc2F)c(=O)c(C(=O)O)cn3-c2ccc(F)cc2F)C1,0
879,CCOC(=O)C(CCc1ccccc1)NC(C)C(=O)N1C(C(=O)O)CC2CCCCC21,0
880,CC(=O)OCC(=O)C1(O)C(OC(C)=O)CC2C3CCC4=CC(=O)C=CC4(C)C3(F)C(O)CC21C,0
881,CC(C)(C)CC(=O)OCC(=O)C12OC(C)(C)OC1CC1C3CCC4=CC(=O)C=CC4(C)C3(F)C(O)CC12C,0
882,O=C(O)C(Cl)(Cl)Cl,1
883,CC(C)(C)C(=O)CCC1C(=O)N(c2ccccc2)N(c2ccccc2)C1=O,0
884,COc1ccc2c(c1)c(CC(=O)OCC(C(=O)O)c1ccccc1)c(C)n2C(=O)c1ccc(Cl)cc1,0
885,NC(=O)NC(=O)C(Oc1ccc(Cl)cc1)Oc1ccc(Cl)cc1,0
886,COc1cc2c(Nc3ccc(Br)cc3F)ncnc2cc1OCC1CCN(C)CC1,0
887,c1cnc2cc3c(cc2n1)C1CNCC3C1,0
888,C=CC(N)CCC(=O)O,0
889,N#CC1CCCN1C(=O)CNC12CC3CC(CC(O)(C3)C1)C2,0
890,CCOc1ccccc1OCC1CNCCO1,0
891,CCC1(O)CC2CN(CCc3c([nH]c4ccccc34)C(C(=O)OC)(c3cc4c(cc3OC)N(C)C3C(O)(C(N)=O)C(O)C5(CC)C=CCN6CCC43C65)C2)C1,0
892,CS(=O)(=O)c1ccc(C(=O)Nc2ccc(Cl)c(-c3ccccn3)c2)c(Cl)c1,0
893,OCC(CO)NC1CC(O)(CO)C(O)C(O)C1O,0
894,CCOC(=O)CNC(C(=O)N1CCC1C(=O)NCc1ccc(C(N)=NO)cc1)C1CCCCC1,0
895,Cc1cc(C(C)(C)C)cc(C)c1CC1=NCCN1,0
896,COC(=O)C1C(O)CCC2CN3CCc4c([nH]c5ccccc45)C3CC21,0
897,O=C(O)Cn1c(=O)n(Cc2ccc(Br)cc2F)c(=O)c2ccc(Cl)cc21,0
898,CN(C)CCc1c[nH]c2ccc(CC3COC(=O)N3)cc12,0
899,O=C(O)Cc1nn(Cc2nc3cc(C(F)(F)F)ccc3s2)c(=O)c2ccccc12,0
900,OCCN1CCN(CCC=C2c3ccccc3Sc3ccc(Cl)cc32)CC1,0
901,O=C(O)CO,1
902,O=CCCCC=O,1
903,COc1ccccc1O,0
904,Oc1ccc(Cl)cc1,1
905,CCOC1OC(C(COCc2ccccc2)OCc2ccccc2)C(OCc2ccccc2)C1O,0
906,CCc1nn(CCCN2CCN(c3cccc(Cl)c3)CC2)c(=O)n1CCOc1ccccc1,0
907,CCCC(CCC)C(=O)O,0
908,CC12CC3CC(C)(C1)CC(N)(C3)C2,0
909,O=C(O)c1cccnc1,0
910,CCCCN1CCCCC1C(=O)Nc1c(C)cccc1C,0
911,CCOc1nc2cccc(C(=O)O)c2n1Cc1ccc(-c2ccccc2-c2nnn[nH]2)cc1,0
912,COC(=O)C(c1ccccc1)C1CCCCN1,0
913,CCCCC1C(=O)N(c2ccccc2)N(c2ccccc2)C1=O,0
914,CCCCc1oc2ccccc2c1C(=O)c1cc(I)c(OCCN(CC)CC)c(I)c1,0
915,Clc1ccccc1CN1CCc2sccc2C1,0
916,CC(=O)CC(c1ccccc1)c1c(O)c2ccccc2oc1=O,0
917,CCCCc1nc(Cl)c(CO)n1Cc1ccc(-c2ccccc2-c2nnn[nH]2)cc1,0
918,O=C(O)CCc1nc(-c2ccccc2)c(-c2ccccc2)o1,0
919,Nc1ccc(C(=O)O)c(O)c1,0
920,O=C(O)P(=O)(O)O,0
921,O=C1CCC2(O)C3Cc4ccc(O)c5c4C2(CCN3CC2CC2)C1O5,0
922,OCC(O)C(O)C(O)C(O)CO,0
923,Nc1nc(NC2CC2)c2ncn(C3C=CC(CO)C3)c2n1,0
924,Fc1ccc(C2CCNCC2COc2ccc3c(c2)OCO3)cc1,0
925,CC(C)(C)NC(=O)C1CC2CCCCC2CN1CC(O)C(Cc1ccccc1)NC(=O)C(CC(N)=O)NC(=O)c1ccc2ccccc2n1,0
926,O=C1CN(N=Cc2ccc([N+](=O)[O-])o2)C(=O)N1,0
927,CCN(CC)CC#CCOC(=O)C(O)(c1ccccc1)C1CCCCC1,0
928,Cc1cn(C2C=CC(CO)O2)c(=O)[nH]c1=O,0
929,CCN(CC)CCNC(=O)c1c(C)[nH]c(C=C2C(=O)Nc3ccc(F)cc32)c1C,0
930,OC(CCN1CCCC1)(c1ccccc1)C1CCCCC1,0
931,CC(C)(C)NCC(O)c1ccc(O)c(CO)c1,0
932,Cc1c(-c2ccccc2)oc2c(C(=O)OCCN3CCCCC3)cccc2c1=O,0
933,O=C1CN(N=Cc2ccc(-c3ccc([N+](=O)[O-])cc3)o2)C(=O)N1,0
934,CN(C)CCOC(c1ccccc1)c1ccccc1,0
935,NCCCC(O)(P(=O)(O)O)P(=O)(O)O,1
936,OCCOCCN1CCN(C(c2ccccc2)c2ccc(Cl)cc2)CC1,0
937,CC(C)(N)Cc1ccccc1,0
938,CCOc1ccccc1OCCNC(C)Cc1ccc(OC)c(S(N)(=O)=O)c1,0
939,CN1C2CCC1CC(OC(c1ccccc1)c1ccccc1)C2,0
940,CC(C)(C)NC(=O)C1CN(Cc2cccnc2)CCN1CC(O)CC(Cc1ccccc1)C(=O)NC1c2ccccc2CC1O,0
941,Nc1ccn(C2OC(CO)C(O)C2O)c(=O)n1,0
942,CCC(CO)NCCNC(CC)CO,0
943,COc1ccc(CCN(C)CCCC(C#N)(c2ccc(OC)c(OC)c2)C(C)C)cc1OC,0
944,COCCc1ccc(OCC(O)CNC(C)C)cc1,0
945,NC(Cc1cc(I)c(Oc2ccc(O)c(I)c2)c(I)c1)C(=O)O,0
946,CC(C)(S)C(N)C(=O)O,0
947,OC(CCN1CCCCC1)(c1ccccc1)C1CC2C=CC1C2,0
948,CN1C2CCC1CC(OC(=O)C(CO)c1ccccc1)C2,0
949,CC1C(c2ccccc2)OCCN1C,0
950,O=c1n(CCCN2CCN(c3cccc(Cl)c3)CC2)nc2ccccn12,0
951,CC(O)(P(=O)(O)O)P(=O)(O)O,1
952,CC(C)NCC(O)c1ccc(O)c(O)c1,0
953,CC(Cc1ccccc1)N(C)Cc1ccccc1,0
954,CCn1cc(C(=O)O)c(=O)c2cc(F)c(N3CCNC(C)C3)c(F)c21,0
955,CC1(C)SC2C(NC(=O)C(NC(=O)N3CCN(S(C)(=O)=O)C3=O)c3ccccc3)C(=O)N2C1C(=O)O,0
956,CNCCC(Oc1cccc2ccccc12)c1cccs1,0
957,NC1CC1c1ccccc1,0
958,C#CC1(O)CCC2C3CCC4=CC(=O)CCC4C3CCC21C,0
959,Nc1ccc(C(=O)O)cc1,0
960,CN1CCN(C(c2ccccc2)c2ccc(Cl)cc2)CC1,0
961,COCCCCC(=NOCCN)c1ccc(C(F)(F)F)cc1,0
962,CN(C)C(=O)C(CCN1CCC(O)(c2ccc(Cl)cc2)CC1)(c1ccccc1)c1ccccc1,0
963,Cc1ccc(Cl)c(Nc2ccccc2C(=O)O)c1Cl,0
964,COc1ccc(OC)c(C(O)CNC(=O)CN)c1,0
965,Cc1ccccc1C(OCCN(C)C)c1ccccc1,0
966,CNCCCC1c2ccccc2C=Cc2ccccc21,0
967,NC(=O)c1ccccc1O,0
968,CC1(C)SC2C(NC(=O)Cc3ccccc3)C(=O)N2C1C(=O)O,0
969,O=c1[nH]c(=O)n(C2CC(O)C(CO)O2)cc1I,0
970,CNC(=O)Oc1ccc2c(c1)C1(C)CCN(C)C1N2C,0
971,CC(=O)OCC1=C(C(=O)O)N2C(=O)C(NC(=O)Cc3cccs3)C2SC1,0
972,CCC(CO)NC(=O)C1C=C2c3cccc4[nH]cc(c34)CC2N(C)C1,0
973,CNC1C(O)C(NC)C2OC3(O)C(=O)CC(C)OC3OC2C1O,0
974,CCc1c(C)[nH]c2c1C(=O)C(CN1CCOCC1)CC2,0
975,C#CCN(C)C(C)Cc1ccccc1,0
976,CC(CCC(=O)O)C1CCC2C3C(O)CC4CC(O)CCC4(C)C3CCC12C,0
977,CCOC(=O)Nc1ccc2c(c1)N(C(=O)CCN1CCOCC1)c1ccccc1S2,0
978,NCCC(O)C(=O)NC1CC(N)C(OC2OC(CN)C(O)C(O)C2O)C(O)C1OC1OC(CO)C(O)C(N)C1O,0
979,CCOC(=O)C(CCc1ccccc1)NC(C)C(=O)N1Cc2ccccc2CC1C(=O)O,0
980,CCC1(O)C(=O)OCc2c1cc1n(c2=O)Cc2cc3c(CN(C)C)c(O)ccc3nc2-1,0
981,CCCCCCCN(CC)CCCC(O)c1ccc(NS(C)(=O)=O)cc1,0
982,CCN(CC)CCOc1cccc(OCCN(CC)CC)c1OCCN(CC)CC,0
983,CC(CO)NC(=O)C1C=C2c3cccc4[nH]cc(c34)CC2N(C)C1,0
984,Cn1nnnc1SCC1=C(C(=O)O)N2C(=O)C(NC(=O)C(O)c3ccccc3)C2SC1,0
985,CN1CCC23c4c5ccc(O)c4OC2C(=O)CCC3C1C5,0
986,C=C1CCC2(O)C3Cc4ccc(O)c5c4C2(CCN3CC2CC2)C1O5,0
987,CN1CCC23c4c5ccc(O)c4OC2C(=O)CCC3(O)C1C5,0
988,CN1CCC23c4c5ccc(O)c4OC2C(O)C=CC3C1C5,0
989,COC(=O)C1=C(C)NC(C)=C(C(=O)OCCN(C)Cc2ccccc2)C1c1cccc([N+](=O)[O-])c1,0
990,COC1(NC(=O)Cc2cccs2)C(=O)N2C(C(=O)O)=C(COC(N)=O)CSC21,0
991,COc1ccc2c3c1OC1C(O)C=CC4C(C2)N(C)CCC341,0
992,CCCC(=O)Nc1ccc(OCC(O)CNC(C)C)c(C(C)=O)c1,0
993,CC1(C)SC2C(NC(=O)C(NC(=O)N3CCNC3=O)c3ccccc3)C(=O)N2C1C(=O)O,0
994,Cn1c(CCCC(=O)O)nc2cc(N(CCCl)CCCl)ccc21,0
995,CC(C)COCC(CN(Cc1ccccc1)c1ccccc1)N1CCCC1,0
996,CC(C)(Oc1ccc(CCNC(=O)c2ccc(Cl)cc2)cc1)C(=O)O,0
997,CC(NC(C)(C)C)C(=O)c1cccc(Cl)c1,0
998,CC1(C)SC2C(NC(=O)C(C(=O)O)c3ccccc3)C(=O)N2C1C(=O)O,0
999,Cc1nnc(SCC2=C(C(=O)O)N3C(=O)C(NC(=O)Cn4cnnn4)C3SC2)s1,0
1000,CON=C(C(=O)NC1C(=O)N2C(C(=O)O)=C(COC(C)=O)CSC12)c1csc(N)n1,0
1001,OC(O)C(Cl)(Cl)Cl,0
1002,CC(C)NC(=N)NC(=N)Nc1ccc(Cl)cc1,0
1003,CN1CCN(C(c2ccccc2)c2ccccc2)CC1,0
1004,COc1cccc2c1C(=O)c1c(O)c3c(c(O)c1C2=O)CC(O)(C(C)=O)CC3OC1CC(N)C(O)C(C)O1,0
1005,CCN(CC)C(=O)N1CCN(C)CC1,0
1006,CCC(=O)OC(OP(=O)(CCCCc1ccccc1)CC(=O)N1CC(C2CCCCC2)CC1C(=O)O)C(C)C,0
1007,NC(=O)CCC(N)C(=O)O,0
1008,N=C(N)N,0
1009,CC(O)C(=O)Nc1c(I)c(C(=O)NC(CO)CO)c(I)c(C(=O)NC(CO)CO)c1I,0
1010,CCc1c2c(nc3ccc(OC(=O)N4CCC(N5CCCCC5)CC4)cc13)-c1cc3c(c(=O)n1C2)COC(=O)C3(O)CC,0
1011,O=C(c1ccc(F)cc1)C1CCN(CCn2c(=O)[nH]c3ccccc3c2=O)CC1,0
1012,CC(O)C(=O)O,1
1013,OCC1OC(OC2C(CO)OC(O)(CO)C2O)C(O)C(O)C1O,0
1014,c1ccc(C2CN3CCSC3=N2)cc1,0
1015,CCC(=O)C(CC(C)N(C)C)(c1ccccc1)c1ccccc1,0
1016,CNC(C)Cc1ccccc1,0
1017,COCC(=O)O,1
1018,CCN(CC)CCNC(=O)c1cc(Cl)c(N)cc1OC,0
1019,COC12C(COC(N)=O)C3=C(C(=O)C(C)=C(N)C3=O)N1CC1NC12,0
1020,COC1(NC(=O)C(C(=O)O)c2ccc(O)cc2)C(=O)N2C(C(=O)O)=C(CSc3nnnn3C)COC21,0
1021,CC(c1ccc(Cl)c(Cl)c1)N1N=C(N)CC1=O,0
1022,CN1CCCC1c1cccnc1,0
1023,CNCC(O)C(O)C(O)C(O)CO,0
1024,NC1CCCCC1N,1
1025,CCCC(NC(C)C(=O)N1C(C(=O)O)CC2CCCCC21)C(=O)OCC,0
1026,O=C(O)CC(O)CC(O)C=Cc1c(C2CC2)nc2ccccc2c1-c1ccc(F)cc1,0
1027,COc1cc2nc(N3CCN(C(=O)c4ccco4)CC3)nc(N)c2cc1OC,0
1028,CCN(CC)CCNC(=O)c1ccc(N)cc1,0
1029,CCC(=O)OC(Cc1ccccc1)(c1ccccc1)C(C)CN(C)C,0
1030,Cc1cc2nc3c(=O)[nH]c(=O)nc-3n(CC(O)C(O)C(O)CO)c2cc1C,0
1031,CCC1(O)C(=O)OCc2c1cc1n(c2=O)Cc2cc3c([N+](=O)[O-])cccc3nc2-1,0
1032,CCN1CCCC1CNC(=O)c1cc(S(N)(=O)=O)ccc1OC,0
1033,Nc1c2c(nc3ccccc13)CCCC2,0
1034,O=c1[nH]c(=O)n(C2CCCO2)cc1F,0
1035,CC(C)(C)c1ccc(C(O)CCCN2CCC(C(O)(c3ccccc3)c3ccccc3)CC2)cc1,0
1036,COc1cccc(C2(O)CCCCC2CN(C)C)c1,0
1037,CN(C)CCN(Cc1ccccc1)c1ccccn1,0
1038,CCOC(=O)C1=C(COCCN)NC(C)=C(C(=O)OC)C1c1ccccc1Cl,0
1039,CCC1(CCC(C)C)C(=O)NC(=O)NC1=O,0
1040,c1ccc(-c2ccc(C(c3ccccc3)n3ccnc3)cc2)cc1,0
1041,CC(=O)OCC1=C(C(=O)O)N2C(=O)C(NC(=O)CSc3ccncc3)C2SC1,0
1042,O=C(O)C1=C(CSc2nnnn2CS(=O)(=O)O)CSC2C(NC(=O)C(O)c3ccccc3)C(=O)N12,0
1043,Nc1nc(C(=CCC(=O)O)C(=O)NC2C(=O)N3C(C(=O)O)=CCSC23)cs1,0
1044,CON=C(C(=O)NC1C(=O)N2C(C(=O)O)=C(COC(N)=O)CSC12)c1ccco1,0
1045,CN(C)CCCC1(c2ccc(F)cc2)OCc2cc(C#N)ccc21,0
1046,O=P(O)(O)C(Cl)(Cl)P(=O)(O)O,0
1047,CNCCCN1c2ccccc2CCc2ccccc21,0
1048,CC(CN1CC(=O)NC(=O)C1)N1CC(=O)NC(=O)C1,0
1049,COc1cc2c(cc1OC)C(=O)C(CC1CCN(Cc3ccccc3)CC1)C2,0
1050,Nc1ccn(C2OC(CO)C(O)C2(F)F)c(=O)n1,0
1051,NC(CCC(=O)O)C(=O)O,0
1052,N=C(N)NN=Cc1c(Cl)cccc1Cl,0
1053,N=C(N)NC(=O)Cc1c(Cl)cccc1Cl,0
1054,N#Cc1cc(NC(=O)C(=O)O)c(Cl)c(NC(=O)C(=O)O)c1,0
1055,CNCCCC12CCC(c3ccccc31)c1ccccc12,0
1056,C=C1c2c(Cl)ccc(O)c2C(=O)C2=C(O)C3(O)C(=O)C(C(N)=O)=C(O)C(N(C)C)C3C(O)C12,0
1057,CC(N)(Cc1ccc(O)cc1)C(=O)O,0
1058,CCOC(=O)C(CCc1ccccc1)NC(C)C(=O)N1Cc2cc(OC)c(OC)cc2CC1C(=O)O,0
1059,C=CCN1CCC23c4c5ccc(O)c4OC2C(=O)CCC3(O)C1C5,0
1060,O=C(NCCO[N+](=O)[O-])c1cccnc1,0
1061,N=C(N)c1ccc(OCCCCCOc2ccc(C(=N)N)cc2)cc1,0
1062,CN(C)CCCN1c2ccccc2Sc2ccccc21,0
1063,CCC(=O)N(c1ccccc1)C1(C(=O)OC)CCN(CCC(=O)OC)CC1,0
1064,O=C(O)O,0
1065,CC(C)NCC(O)c1ccc(NS(C)(=O)=O)cc1,0
1066,OCC1OC(OC2(CO)OC(CO)C(O)C2O)C(O)C(O)C1O,0
1067,NC(CO)(CO)CO,0
1068,Cc1cccc(C)c1NC(=O)c1cc(S(N)(=O)=O)c(Cl)cc1O,0
1069,Cc1cc(CC(=O)O)n(C)c1C(=O)c1ccc(Cl)cc1,0
1070,COC(=O)NC(C(=O)NC(Cc1ccccc1)C(O)CN(Cc1ccc(-c2ccccn2)cc1)NC(=O)C(NC(=O)OC)C(C)(C)C)C(C)(C)C,0
1071,CC(C)NCC(O)COc1ccc(CC(N)=O)cc1,0
1072,CCN1CCN(C(=O)NC(C(=O)NC2C(=O)N3C(C(=O)O)=C(CSc4nnnn4C)CSC23)c2ccc(O)cc2)C(=O)C1=O,0
1073,O=C(O)COCCN1CCN(C(c2ccccc2)c2ccc(Cl)cc2)CC1,0
1074,COc1cc2c(c(OC)c1OC)-c1ccc(OC)c(=O)cc1C(NC(C)=O)CC2,0
1075,CN(C)CCC=C1c2ccccc2CSc2ccccc21,0
1076,CNCCC(Oc1ccc(C(F)(F)F)cc1)c1ccccc1,0
1077,CC1OC1P(=O)(O)O,0
1078,Cc1ccc(C(C)C)c(O)c1,1
1079,CSc1ccc2c(c1)N(CCC1CCCCN1C)c1ccccc1S2,0
1080,CCOC(=O)OC(C)OC(=O)C1N2C(=O)C(NC(=O)C(N)c3ccccc3)C2SC1(C)C,0
1081,CN(C)C(=O)Oc1cc(OC(=O)N(C)C)cc(C(O)CNC(C)(C)C)c1,0
1082,CC1CC(OC(=O)C(O)c2ccccc2)CC(C)(C)C1,0
1083,CCNC(C)Cc1cccc(C(F)(F)F)c1,0
1084,NCC1(CC(=O)O)CCCCC1,0
1085,CN1C2CCCC1CC(NC(=O)c1nn(C)c3ccccc13)C2,0
1086,CC(CN(C)C)CN1c2ccccc2CCc2ccccc21,0
1087,CCN(CC)CCOC(=O)C(c1ccccc1)c1ccccc1,0
1088,O=CC(O)C(O)C(O)C(O)CO,0
1089,C1CN1c1nc(N2CC2)nc(N2CC2)n1,0
1090,CN(C)CN(C)C,1
1091,CC12C=CC(=O)C=C1CCC1C2C(=O)CC2(C)C1CCC2(O)C(=O)CO,0
1092,COc1ccc(CCN)cc1,1
1093,Cc1cc(=O)[nH]c(=S)[nH]1,0
1094,NCCCNCCCN,1
1095,CCN(CC)CCOC(=O)C(O)(c1ccccc1)c1ccccc1,0
1096,O=CC(O)C(O)C(O)CO,0
1097,NS(=O)(=O)c1cc2c(cc1Cl)N=CNS2(=O)=O,0
1098,Cc1ccccc1OCC(O)CO,0
1099,c1ccc(CC2=NCCN2)cc1,0
1100,CCOCC,0
1101,CCOS(=O)(=O)OCC,1
1102,O=C(O)CN(CCN(CC(=O)O)CC(=O)O)CCN(CC(=O)O)CC(=O)O,0
1103,ClC(Cl)(Cl)c1ccc(C(Cl)(Cl)Cl)cc1,1
1104,OCCN1CCN(CCCN2c3ccccc3Sc3ccc(C(F)(F)F)cc32)CC1,0
1105,CC1(C)SC2C(NC(=O)C(N)c3ccccc3)C(=O)N2C1C(=O)O,0
1106,CC(=O)OC1(C(C)=O)CCC2C3CC(C)C4=CC(=O)CCC4(C)C3CCC21C,0
1107,OC(c1ccccc1)(c1ccccc1)C1CCCCN1,0
1108,Cc1ccc2c(Cl)cc(Cl)c(O)c2n1,0
1109,O=S(=O)(O)CC(S)CS,0
1110,ICI,1
1111,CC(=O)Cl,1
1112,CC1CO1,1
1113,CS(=O)(=O)O,1
1114,O=CC(Cl)(Cl)Cl,1
1115,CC(C)(C)OO,1
1116,C=C[Si](Cl)(Cl)Cl,1
1117,CC(C)(C)C(=O)O,1
1118,O=C(Cl)C(Cl)(Cl)Cl,1
1119,ClC(c1ccccc1)(c1ccccc1)c1ccccc1,1
1120,Cl[Si](c1ccccc1)(c1ccccc1)c1ccccc1,1
1121,CCOC(=O)C1(c2ccccc2)CCCN(C)CC1,0
1122,CC1(C)C(=O)N(Br)C(=O)N1Br,1
1123,C#CC(C)(O)CC,0
1124,COS(=O)(=O)OC,1
1125,O=[N+]([O-])OCC(CO[N+](=O)[O-])(CO[N+](=O)[O-])CO[N+](=O)[O-],0
1126,C=C(C)C=O,1
1127,CC(N)CN,1
1128,CC(=O)CCl,1
1129,CC(O)CN,1
1130,O=C(Cl)CCl,1
1131,O=C(O)CBr,1
1132,C=CC(=O)O,1
1133,O=C(Cl)C(Cl)Cl,1
1134,C=C(C)C(=O)O,1
1135,CN(C)C(=O)Cl,1
1136,CC(C)(O)C(C)(O)c1ccc(Cl)cc1,0
1137,CC(C)(OO)c1ccccc1,1
1138,CCC(C)(C)c1ccc(O)cc1,1
1139,COS(=O)(=O)c1ccc(C)cc1,1
1140,CC=C(C)C(=O)O,1
1141,C=C(Cl)C(=O)OC,1
1142,CCN1CCCC(OC(=O)C(c2ccccc2)c2ccccc2)C1,0
1143,Oc1c(I)cc(I)c2cccnc12,0
1144,CCOC(=O)Oc1c(OC)cc(C(=O)OC2CC3CN4CCc5c([nH]c6cc(OC)ccc56)C4CC3C(C(=O)OC)C2OC)cc1OC,0
1145,CC(CN(C)C)CN1c2ccccc2Sc2ccccc21,0
1146,O=C1OC(=O)C2CC=CCC12,1
1147,ClCc1cccc2ccccc12,1
1148,CC1(C)SC2C(NC(=O)COc3ccccc3)C(=O)N2C1C(=O)O,0
1149,O=CC(Cl)=C(Cl)C(=O)O,1
1150,Oc1c(Cl)cccc1Cl,1
1151,O=C(O)C(O)C(O)C(=O)O,0
1152,CCN(CC)C(=O)Cl,1
1153,CC(C)(C)c1ccccc1O,1
1154,Cc1ccc(C(C)(C)C)c(O)c1,1
1155,CC(C)c1ccccc1O,1
1156,CCC(C)c1ccccc1O,1
1157,O=C(Cl)c1ccc(Cl)cc1Cl,1
1158,O=Cc1ccccc1Cl,1
1159,CCc1ccccc1O,1
1160,Nc1c2ccccc2nc2ccccc12,0
1161,CN1C(CC(=O)c2ccccc2)CCCC1CC(O)c1ccccc1,0
1162,CN(C)Cc1cc(CN(C)C)c(O)c(CN(C)C)c1,1
1163,C1CCC2CCCCC2C1,1
1164,CN(C)CCOc1ccccc1Cc1ccccc1,0
1165,c1ccc(N2CCNCC2)cc1,1
1166,CCCCOC(=O)c1ccc(N)cc1,0
1167,Cc1ccccc1O,1
1168,Oc1ccccc1Cl,1
1169,Cc1ccc(O)cc1C,1
1170,Cc1ccc(C)c(O)c1,1
1171,CCC(N)CO,1
1172,C=CC(=O)OC,1
1173,COC(=O)CCl,1
1174,CCCC(C)C(=O)O,1
1175,CC(CCN(C)C)N(C)C,1
1176,CCB(CC)CC,1
1177,O=S(=O)(Cl)c1ccccc1,1
1178,O=S(=O)(O)c1ccccc1,1
1179,Cl[Si](Cl)(Cl)c1ccccc1,1
1180,O=S(=O)(Cl)c1ccc(Cl)cc1,1
1181,O=S(=O)(O)c1ccc(O)cc1,1
1182,O=C(Cl)c1ccccc1,1
1183,CN(C)C1CCCCC1,1
1184,O=C(Cl)c1cccc(C(=O)Cl)c1,1
1185,CCC(C)c1ccc(O)cc1,1
1186,O=C(CBr)c1ccc(Br)cc1,1
1187,CC(C)c1ccc(O)cc1,1
1188,O=[N+]([O-])c1ccc(CBr)cc1,1
1189,O=[N+]([O-])c1ccc(CCl)cc1,1
1190,O=C(Cl)c1ccc(C(=O)Cl)cc1,1
1191,CCN(CC)CCN,1
1192,C=Cc1ccncc1,1
1193,NCC1CCCCC1,1
1194,CNC1CCCCC1,1
1195,C=Cc1ccccn1,1
1196,CCN1CCOCC1,1
1197,COB1OB(OC)OB(OC)O1,1
1198,CCCN(CCC)CCC,1
1199,C=CCN(CC=C)CC=C,1
1200,CCCCN(CCO)CCO,1
1201,CCCCN(CCCC)CCCN,1
1202,CCCCC(CC)CN,1
1203,CCN(CC)CCCN,1
1204,Cc1ccc(CCl)cc1,1
1205,ClCc1ccc(Cl)cc1,1
1206,CCc1ccc(C)nc1,1
1207,Cc1ccc(O)c(C)c1,1
1208,CCCCC(CC)CNCC(CC)CCCC,1
1209,CCCC(=O)OC(=O)CCC,1
1210,Sc1ccc(Cl)cc1,1
1211,CN1CCN(C)CC1,1
1212,C=C(C)C(=O)OCC1CO1,1
1213,C=CCBr,1
1214,C=CCCl,1
1215,CCCN,1
1216,O=CCCl,1
1217,CC(C)(C)CC(C)(C)N,1
1218,CCCCOP(=O)(O)OCCCC,1
1219,CCCC(=O)O,1
1220,O=C(O)CCS,1
1221,CN(C)CCN,1
1222,CC(C)CC(C)N,1
1223,CC(O)CN(C)C,1
1224,CC(C)NC(C)C,1
1225,CC(C)OC(=O)Cl,1
1226,O=C1C=CC(=O)O1,1
1227,Cc1cccc(O)c1,1
1228,Cc1cc(C)cc(O)c1,1
1229,NC1CCCCC1,1
1230,Cc1cccnc1,1
1231,CN1CCNCC1,1
1232,CN1CCOCC1,1
1233,Cc1ccccn1,1
1234,CC1CNCCN1,1
1235,CN(C)CCCN,1
1236,CCCOC(=O)Cl,1
1237,CCCCN,1
1238,NCCCN,1
1239,CNCCN,1
1240,CNCCO,1
1241,COCCN,1
1242,O=C(O)C=CC(=O)O,1
1243,CN(C)CCN(C)C,1
1244,OCC#CCO,1
1245,CCCCNC,1
1246,CNCCNC,1
1247,CCNCCO,1
1248,C1COCCN1,1
1249,CN(C)CCCN(C)C,1
1250,CC(C)CNCC(C)C,1
1251,CCCCCCC(=O)O,1
1252,CN(C)CCCCCCN(C)C,1
1253,O=C(Cl)CCCCCCCCC(=O)Cl,1
1254,CCCCCCN,1
1255,CCCCN=C=O,1
1256,NCCNCCN,1
1257,NCCNCCO,1
1258,C1CCCNCC1,1
1259,CN(C)CCCCN(C)C,1
1260,CCCCCCCN,1
1261,CCCCNCCO,1
1262,CCCCCCCCN,1
1263,CCCCNCCCC,1
1264,CCCCCCCCC(=O)O,1
1265,CCCCCCOCCO,1
1266,CCCCCCCCCCCCCCCCCC(=O)Cl,1
1267,CCCCCCCCC=CCCCCCCCCN,1
1268,CCN(CC)C(=O)C1CN2CCc3cc(OC)c(OC)cc3C2CC1OC(C)=O,0
1269,O=CC(Br)(Br)Br,1
1270,CC[Si](Cl)(Cl)Cl,1
1271,O=C(O)CCC(=O)Nc1ccc(S(=O)(=O)Nc2nccs2)cc1,0
1272,CCN(CCO)CCCC(C)Nc1ccnc2cc(Cl)ccc12,0
1273,CC1(C)C(=O)N(Cl)C(=O)N1Cl,1
1274,NNc1ccc([N+](=O)[O-])cc1[N+](=O)[O-],1
1275,Oc1ccc(Cl)cc1Cl,1
1276,CN1CCCC1,1
1277,Cc1ccc([N+](=O)[O-])cc1S(=O)(=O)Cl,1
1278,Cc1ccc([N+](=O)[O-])cc1S(=O)(=O)O,1
1279,CCN(CC)CC,1
1280,CC(=O)Nc1ccc(S(=O)(=O)Cl)cc1,1
1281,O=C(Cl)c1ccc([N+](=O)[O-])cc1,1
1282,NCCCN1CCOCC1,1
1283,CCc1ccc(O)cc1,1
1284,COc1ccc(C=O)cc1,1
1285,CCC(=O)OC(=O)CC,1
1286,C1CCNC1,1
1287,CC(=O)CCC(=O)O,1
1288,CCCCCC(C)N,0
1289,O=C(O)CSCC(=O)O,1
1290,C=CCNCC=C,1
1291,NCCCCCCN,1
1292,CCCCCCCCCCCCN,1
1293,C=C[Si](C)(Cl)Cl,1
1294,CCC=C(C)C1(CC)C(=O)NC(=O)NC1=O,0
1295,O=[N+]([O-])c1cccc(S(=O)(=O)O)c1,1
1296,CNC1C(OC2C(OC3C(O)C(O)C(NC(=N)N)C(O)C3NC(=N)N)OC(C)C2(O)CO)OC(CO)C(O)C1O,0
1297,CCN1C(=O)C=CC1=O,1
1298,CN1CCC(OC(c2ccccc2)c2ccccc2)CC1,0
1299,COc1cccc(OC)c1C(=O)NC1C(=O)N2C1SC(C)(C)C2C(=O)O,0
1300,Clc1ccc(CC(=CCN2CCCC2)c2ccccc2)cc1,0
1301,CC(Cc1ccc2c(c1)OCO2)NCC(O)c1ccc(O)c(O)c1,0
1302,Nc1ccccc1S,1
1303,NCCN1CCNCC1,1
1304,C=CC(=O)OCC,1
1305,CCCCCC(=O)O,1
1306,CCCCCN,1
1307,CC=CC=CC=O,1
1308,CCCNCCC,1
1309,CCCCCCNCCCCCC,1
1310,NCCCCCCNCCCCCCN,1
1311,O=S(O)CNc1ccc(S(=O)(=O)c2ccc(NCS(=O)O)cc2)cc1,0
1312,CC(=O)OCCN1CCN(CCCN2c3ccccc3Sc3ccc(Cl)cc32)CC1,0
1313,CCCCC(CC)C(=O)O,1
1314,CC(C)(N)Cc1ccc(Cl)cc1,0
1315,N#CCCN,1
1316,CC(N)C(O)c1ccccc1,0
1317,NCCCO,1
1318,C1CN2CCN1CC2,1
1319,c1c[nH]cn1,1
1320,C1CNCCNCCNCCN1,1
1321,CCCCC(CC)COP(=O)(O)OCC(CC)CCCC,1
1322,CC(N)Cc1ccc(O)cc1,0
1323,O=P(O)(O)OCC(Cl)(Cl)Cl,0
1324,CCCCNc1c2c(nc3ccccc13)CCCC2,0
1325,CCC1CN2CCc3cc(OC)c(OC)cc3C2CC1CC1NCCc2cc(OC)c(OC)cc21,0
1326,FC(F)(F)c1ccc(Cl)cc1Cl,1
1327,FC(F)(F)c1ccc(Cl)c(Cl)c1,1
1328,O=S(=O)(F)Cc1ccccc1,1
1329,NCCCCN,1
1330,O=C(O)C(F)(F)C(F)(F)C(F)(F)C(F)(F)C(F)(F)C(F)(F)C(F)(F)C(F)(F)C(F)(F)F,1
1331,COc1ccc2c3c1OC1CC(O)C=CC31CCN(C)C2,0
1332,Nc1ccc(F)cc1,1
1333,N#CCC(=O)O,1
1334,NCC(F)(F)F,1
1335,O=S(=O)(O)C(F)(F)C(F)(F)C(F)(F)C(F)(F)F,1
1336,CC1CC2C3CCC4=CC(=O)C=CC4(C)C3(F)C(O)CC2(C)C1(O)C(=O)CO,0
1337,O=C(O)C(F)F,1
1338,O=C(Cl)c1ccccc1F,1
1339,Fc1cccc(N=C=S)c1,1
1340,C=COCC(F)(F)F,0
1341,O=C(O)C(F)(F)C(F)(F)F,1
1342,CCOC(=O)CF,1
1343,CC1OC(OC2C=C3CCC4C(CCC5(C)C(c6ccc(=O)oc6)CCC45O)C3(C)CC2)C(O)C(O)C1O,0
1344,CCC(=O)C1(c2cccc(O)c2)CCN(C)CC1,0
1345,C#CC(=O)O,1
1346,Cc1c(C(C)C)c(=O)n(-c2ccccc2)n1C,0
1347,Cc1cc(O)c2ccccc2c1O,0
1348,N=C(N)c1ccc(C=Cc2ccc(C(=N)N)cc2O)cc1,0
1349,O=C(Cl)OCc1ccccc1,1
1350,CC(C)CC(=O)O,1
1351,C1CNCCNC1,1
1352,CC(=O)Br,1
1353,CCN1C2CCC1CC(OC(c1ccccc1)c1ccccc1)C2,0
1354,Cc1cccc(O)c1C,1
1355,O=C(O)C(O)C(O)C(O)C(O)C(=O)O,0
1356,Cc1cc(C)c(O)c(C)c1,1
1357,O=C(CCl)CCl,1
1358,O=C(CBr)c1ccc(Cl)cc1,1
1359,O=C(Nc1ccccc1)OCC(CN1CCCCC1)OC(=O)Nc1ccccc1,0
1360,CC1CCCCN1CCCOC(=O)c1ccc(OC2CCCCC2)cc1,0
1361,CC(C)CCN,1
1362,O=C1C=CC(=O)N1,1
1363,O=S(=O)(O)c1cc(I)c(O)c2ncccc12,1
1364,CCOC(=O)C(c1c(O)c2ccccc2oc1=O)c1c(O)c2ccccc2oc1=O,0
1365,CCN(CC)CCSC(=O)C(c1ccccc1)c1ccccc1,0
1366,CCCOc1cc(N)ccc1C(=O)OCCN(CC)CC,0
1367,C=CCI,1
1368,C=C(C)CCl,1
1369,O=C(O)C(Cl)CCl,1
1370,CC(C)C(Br)C(=O)O,1
1371,Cc1ccc(N=C=O)cc1N=C=O,1
1372,O=[N+]([O-])OCCN(CCO[N+](=O)[O-])CCO[N+](=O)[O-],0
1373,C=CCCC(=O)O,1
1374,BrC(c1ccccc1)(c1ccccc1)c1ccccc1,1
1375,CC(Cl)C(=O)O,1
1376,CC(O)Cn1cnc2c1c(=O)n(C)c(=O)n2C,0
1377,CN(C)c1cccc2c(S(=O)(=O)Cl)cccc12,1
1378,ClCc1ccccc1CCl,1
1379,N#Cc1ccccc1CCl,1
1380,NCC(O)CO,1
1381,Cn1ccnc1,1
1382,NCc1ccco1,1
1383,ClCc1ccc(CCl)cc1,1
1384,O=CC=Cc1ccco1,1
1385,Nc1ccc(N)cc1,1
1386,COC(=O)C=CC(=O)OC,0
1387,ClCc1cccc(CCl)c1,1
1388,CN1CCCCC1,1
1389,CCC=CC(=O)O,1
1390,COc1ccc(CCN)cc1OC,1
1391,O=S(=O)(O)c1cccnc1,1
1392,CCCCOc1ccc(OCCCN2CCOCC2)cc1,0
1393,CCOC(=O)CC(=O)CCl,1
1394,CCCc1ccccc1O,1
1395,ClP(Cl)c1ccccc1,1
1396,CCCc1ccc(O)cc1,1
1397,OC1COC2C(O)COC12,0
1398,CCNCC,1
1399,CCCC[Sn](Cl)(Cl)CCCC,1
1400,NC(=O)CBr,1
1401,CCOC(=O)C(F)C(=O)OCC,1
1402,CCSCCCl,1
1403,CCCCCCC(C)N,1
1404,Cc1ncc[nH]1,1
1405,CCCCCC(O)C=CC1C(O)CC(=O)C1CCCCCCC(=O)O,0
1406,CC(C)C(C)N,1
1407,C=CC(Cl)CCl,1
1408,CCCCC(CC)C(=O)Cl,1
1409,COC(=O)C#CC(=O)OC,1
1410,ClCC=CCCl,1
1411,NC1CC1,1
1412,CCN1CCCCC1,1
1413,O=P(Cl)(Cl)Oc1ccccc1,1
1414,Fc1c(F)c(F)c(S)c(F)c1F,1
1415,Cc1cc(C)c(S(=O)(=O)Cl)c(C)c1,1
1416,CC(C)(N)CN,1
1417,CCCCP(=O)(CCCC)CCCC,1
1418,C=CC(=O)Cl,1
1419,C=CC(=O)OCCO,1
1420,BrCC=CCBr,1
1421,O=C=NCCCCCCN=C=O,1
1422,Cc1cnc[nH]1,1
1423,CC(CCc1ccccc1)NC(C)C(O)c1ccc(O)cc1,0
1424,CCCC1CC(C(=O)NC(C(C)O)C2OC(SC)C(O)C(O)C2O)N(C)C1,0
1425,Cc1ccc(C(=O)Cl)cc1,1
1426,CCN(CC)CCOc1ccc(C(=C(Cl)c2ccccc2)c2ccccc2)cc1,0
1427,CCO[Si](CCCN)(OCC)OCC,1
1428,OC(C(F)(F)F)C(F)(F)F,1
1429,O=C(O)C#CC(=O)O,1
1430,NCCOCCO,1
1431,CCC1(O)CCC2C3CCC4=CCCCC4C3CCC21C,0
1432,CCOc1ccc2ccccc2c1C(=O)NC1C(=O)N2C1SC(C)(C)C2C(=O)O,0
1433,CCCCP(CCCC)CCCC,1
1434,C[Si](C)(C)N[Si](C)(C)C,1
1435,C[Si]1(C)N[Si](C)(C)N[Si](C)(C)N1,1
1436,C[Si]1(C)N[Si](C)(C)N[Si](C)(C)N[Si](C)(C)N1,1
1437,CCCCC(CC)COP(=O)(O)O,1
1438,C=CC(=O)OCCCCOC(=O)C=C,1
1439,N#CCC[Si](Cl)(Cl)Cl,1
1440,NCCOP(=O)(O)O,1
1441,OCCN1CC1,1
1442,CCN(CC)C(C)CN1c2ccccc2Sc2ccccc21,0
1443,COC(=O)C=CCBr,1
1444,CCCC[Sn](Cl)(Cl)Cl,1
1445,Oc1ccccc1S,1
1446,On1ccccc1=S,0
1447,COC1C(O)C(C)OC(OC2CCC3(C=O)C(CCC4C3CCC3(C)C(C5=CC(=O)OC5)CCC43O)C2)C1O,0
1448,NCc1cccc(CN)c1,1
1449,CCOP(=O)(Cl)Cl,1
1450,Fc1ccc(N=C=S)cc1,1
1451,Cc1cc(Cl)ccc1O,1
1452,O=C(Cl)CCCCCl,1
1453,CCCCCCCCCCCCCCCCCCN(C)C,1
1454,CCC12CCCN3CCc4c(n(c5ccccc45)C(O)(C(=O)OC)C1)C32,0
1455,O=S(=O)(Cl)CCCl,1
1456,Cc1cccc(C(=O)Cl)c1,1
1457,O=C(O)C1CC1,1
1458,OP(O)c1ccccc1,1
1459,BrC1c2ccccc2-c2ccccc21,1
1460,S=C=Nc1ccc(Br)cc1,1
1461,CCCCCCCCCN,1
1462,CCCCCCCCCCCCCCN,1
1463,CCCCCCCCCCN,1
1464,NCCN1CCOCC1,1
1465,NCCCc1ccccc1,1
1466,COc1cccc(CCN)c1,1
1467,CN1CCN(C2=Nc3ccccc3Sc3ccc(Cl)cc32)CC1,0
1468,C=C(C)c1cccc(C(C)(C)N=C=O)c1,1
1469,S=C=Nc1cccc(Br)c1,1
1470,Oc1ccc(Cl)cc1O,1
1471,CC(C)(C)N(CCO)CCO,1
1472,CCN(CC)c1ccc(N)cc1,1
1473,NC1=NCC(c2ccccc2)O1,0
1474,Cc1cccc(C(C)(C)C)c1O,1
1475,S=C=NCCc1ccccc1,1
1476,CCOP(=S)(Cl)OCC,1
1477,CCCCCCCCCCCCCCCN,1
1478,CCCCCCCCN1CCCC1=O,1
1479,C=C(C)C(=O)OCCN(C)C,1
1480,CCCCCCCCCCCCCN,1
1481,O=C(Cl)c1cc(Cl)cc(Cl)c1,1
1482,O=C=Nc1cccc(Cl)c1,1
1483,O=C(O)C(F)(F)F,1
1484,C=CCOC(=O)Cl,1
1485,N#CSCc1ccccc1,1
1486,N#CC(Cl)Cl,1
1487,CN(C)CCOCCN(C)C,1
1488,CC1OC(n2cc(F)c(=O)[nH]c2=O)C(O)C1O,0
1489,NCCc1ccccn1,1
1490,CC1C2Cc3ccc(O)cc3C1(C)CCN2CC1CC1,0
1491,O=C(O)C(F)(F)C(F)(F)C(F)(F)F,1
1492,CC(=O)c1ccc2c(c1)N(CCCN1CCC(CCO)CC1)c1ccccc1S2,0
1493,O=C(O)C(F)(F)C(F)(F)C(F)(F)C(F)(F)C(F)(F)C(F)(F)C(F)(F)F,1
1494,COC1CC(OC2C(C)C(=O)OC(C)C(C)C(O)C(C)C(=O)C3(CO3)CC(C)C(OC3OC(C)CC(N(C)C)C3O)C2C)OC(C)C1O,0
1495,O=C(O)CCl,1
1496,NCCNCCNCCNCCNCCN,1
1497,NCCN(CCN)CCN,1
1498,CC1(C)CC(N=C=O)CC(C)(CN=C=O)C1,1
1499,CCC=CCC(=O)O,1
1500,NCCCOCCOCCOCCCN,1
1501,CC(=O)O[Si](C)(OC(C)=O)OC(C)=O,1
1502,NN1CCOCC1,1
1503,O=C1NCC2(CCN(CCc3ccccc3)CC2)O1,0
1504,COc1cccc(CN)c1,1
1505,O=S(=O)(O)c1ccc(Cl)cc1,1
1506,CCN1CCNCC1,1
1507,COCCCN,1
1508,O=C(O)CS,1
1509,CNC(C)Cc1ccccc1OC,0
1510,CCCCC(CC)C1NC(=O)N(SC(Cl)(Cl)Cl)C1=O,0
1511,CC(C1=C(CCN(C)C)Cc2ccccc21)c1ccccn1,0
1512,COc1ccc(CN)cc1OC,1
1513,COc1ccc2nc3c(c(N)c2c1)CCCC3,0
1514,CC(N)C(O)c1cccc(O)c1,0
1515,O=C(O)c1cc2ccccc2c(Cc2c(O)c(C(=O)OCCOCCN3CCN(C(c4ccccc4)c4ccc(Cl)cc4)CC3)cc3ccccc23)c1O,0
1516,CC(C)CCCC(C)N,1
1517,Nc1nc(N)c(-c2ccccc2)s1,0
1518,O=P(O)(O)CP(=O)(O)O,1
1519,CNCCCN,1
1520,N#CSCSC#N,1
1521,O=[N+]([O-])c1cncn1CCN1CCOCC1,0
1522,O=C(O)Cc1ccsc1,1
1523,CN(C)C(C)(C)CO,1
1524,CC(CC(c1ccccc1)c1ccccc1)NC(C)(C)C,0
1525,O=C(Cl)c1ccccc1Br,1
1526,NCCCOCCCCOCCCN,1
1527,CCCCCCCCCCCN,1
1528,CC(C)(C)N,1
1529,NCCCCCCCCCCN,1
1530,NC(=O)CN1CCCC1=O,0
1531,CCC(C)C(=O)O,1
1532,ClCc1c2ccccc2c(CCl)c2ccccc12,1
1533,CC(C)(N)Cc1ccccc1Cl,0
1534,NCCCNCCNCCCN,1
1535,CCCCNCC,1
1536,CCCCCCCCCCCCN(C)C,1
1537,CNCc1ccccc1,1
1538,CC12CCC3C(CCC45OC4C(=O)C(C#N)CC35C)C1CCC2O,0
1539,CCC(C)N,1
1540,CC12CC(=O)C3C(CCC4CC(O)CCC43C)C1CCC2C(=O)CO,0
1541,Cc1ccccc1CN,1
1542,C=CC(=O)NC(C)(C)CS(=O)(=O)O,1
1543,CC1=C(C(=O)O)N2C(=O)C(NC(=O)C(N)c3ccccc3)C2SC1,0
1544,CCCC(N)CCC,1
1545,COc1cccc(C(=O)CCNC(C)C(O)c2ccccc2)c1,0
1546,NCCc1ccncc1,1
1547,C=CC(=O)OCCOCCOCCOCCOC(=O)C=C,1
1548,CC(C)(CO)C(O)C(=O)NCCCC(=O)O,0
1549,CN(N=O)C(=O)NC(C=O)C(O)C(O)C(O)CO,0
1550,CCCCC=CC(=O)O,1
1551,CCCCCCCCN(C)C,1
1552,CCCCCCCCCCCCCCN(C)C,1
1553,CCCCCCCCCCCCCCCCN(C)C,1
1554,CC(C)(C)NCC(O)c1cc(Cl)c(N)c(Cl)c1,0
1555,CC(S)C(=O)O,1
1556,CN1CCOC(c2ccccc2)c2ccccc2C1,0
1557,CC(=O)C1CCC2C3CCC4CC(O)CCC4(C)C3C(=O)CC12C,0
1558,Clc1ccc(C(Cn2ccnc2)OCc2c(Cl)cccc2Cl)c(Cl)c1,0
1559,CCCCC(CC)COC(=O)Cl,1
1560,C=Cn1ccnc1,1
1561,CCCCCCCCn1sccc1=O,1
1562,CN(C)CCOC1=Cc2ccccc2Sc2ccc(Cl)cc21,0
1563,CC1Cc2ccccc2N1NC(=O)c1ccc(Cl)c(S(N)(=O)=O)c1,0
1564,O=C(NC1CCN(CCc2c[nH]c3ccccc23)CC1)c1ccccc1,0
1565,Cc1ccc(S(=O)(=O)NC(=O)NC2C3CCC(C)(C2O)C3(C)C)cc1,0
1566,O=[N+]([O-])c1ccccc1S(=O)(=O)O,1
1567,O=S(=O)(O)c1cc(O)ccc1O,0
1568,CN1CCN(CC(=O)N2c3ccccc3C(=O)Nc3cccnc32)CC1,0
1569,COC1C(O)CC(OC2C(O)CC(OC3C(O)CC(OC4CCC5(C)C(CCC6C5CC(O)C5(C)C(C7=CC(=O)OC7)CCC65O)C4)OC3C)OC2C)OC1C,0
1570,CC(=O)Nc1c(I)c(C(=O)NC(C=O)C(O)C(O)C(O)CO)c(I)c(N(C)C(C)=O)c1I,0
1571,CC1=C(C(=O)O)N2C(=O)C(NC(=O)C(N)C3=CCC=CC3)C2SC1,0
1572,CC(C(=O)O)c1ccc(N2Cc3ccccc3C2=O)cc1,0
1573,NCC(O)CN,1
1574,COc1cc(OC)c(C(=O)CCCN2CCCC2)c(OC)c1,0
1575,C=CCOC(Cn1ccnc1)c1ccc(Cl)cc1Cl,0
1576,C=CCN1CCc2nc(N)sc2CC1,0
1577,CCCCN(CCCC)CCC(O)c1cc2c(Cl)cc(Cl)cc2c2cc(C(F)(F)F)ccc12,0
1578,CC1(C)CC(N)CC(C)(C)N1,1
1579,NCCNCCNCCNCCN,1
1580,CCN(CC)C(=O)NC1CC2c3cccc4[nH]cc(c34)CC2N(C)C1,0
1581,CC(Cc1ccc(O)c(O)c1)(NN)C(=O)O,0
1582,CCC1C2CC3C4N(C)c5ccccc5C45CC(C2C5OC(=O)CCl)N3C1O,0
1583,CCCn1c(=O)[nH]c(=O)c2[nH]cnc21,0
1584,CC(C)(Oc1ccc(C(=O)c2ccc(Cl)cc2)cc1)C(=O)O,0
1585,CCN(CC)CCNC(=O)c1cc(S(C)(=O)=O)ccc1OC,0
1586,CC(N)C(C)(C)C,1
1587,C1COC(NC(C2CC2)C2CC2)=N1,0
1588,CCCOC(C(=O)OC1CCN(C)CC1)(c1ccccc1)c1ccccc1,0
1589,Cc1ncc(CNC(=O)N(CCCl)N=O)c(N)n1,0
1590,CC1OC(OC2C(CO)OC(OC(C(O)CO)C(O)C(O)C=O)C(O)C2O)C(O)C(O)C1NC1C=C(CO)C(O)C(O)C1O,0
1591,CCCCOCC(=O)O,1
1592,CC(Br)C(=O)O,1
1593,CCN(CC)C(=O)Nc1ccc(OCC(O)CNC(C)(C)C)c(C(C)=O)c1,0
1594,CCC(Br)C(=O)O,1
1595,CC(C)CN,1
1596,O=C1CN2Cc3c(ccc(Cl)c3Cl)N=C2N1,0
1597,CC(=O)OC1(C(C)=O)CCC2C3C=C(C)C4=CC(=O)CCC4C3CCC21C,0
1598,CC(C)N1CCC(N(C(=O)Cc2ccccc2)c2ccc(Cl)cc2)CC1,0
1599,CC(=O)C1(O)Cc2c(O)c3c(c(O)c2C(OC2CC(N)C(O)C(C)O2)C1)C(=O)c1ccccc1C3=O,0
1600,CCC1(c2cccc(O)c2)CCCCN(C)C1,0
1601,COc1cc(Br)c2oc(C3CCNCC3)cc2c1,0
1602,CCCCC(C)(C)C(O)C=CC1C(O)CC(=O)C1CCCCC=CC(=O)OC,0
1603,NC1CCCC1,1
1604,O=C(O)CCC(CC(=O)O)(C(=O)O)P(=O)(O)O,1
1605,COC1(NC(=O)C2SC(=C(C(N)=O)C(=O)O)S2)C(=O)N2C(C(=O)O)=C(CSc3nnnn3C)CSC21,0
1606,CCCCC(C)(C)C(O)C=CC1C(C)CC(=O)C1CC=CCCCC(=O)O,0
1607,CCCCC(C)CC(O)C=CC1C(O)CC(=O)C1CC(=O)CCCCC(=O)OC,0
1608,O=C(O)CCCC=CCC1C(O)CC(O)C1C=CC(O)COc1ccsc1,0
1609,CCN1CCCC1CNC(=O)c1cc(S(=O)(=O)CC)c(N)cc1OC,0
1610,COC1OC2OC3(C)CCC4C(C)CCC(C1C)C24OO3,0
1611,COC(=O)CCC=C=CCC1C(=O)CC(O)C1C=CC(O)COc1ccccc1,0
1612,COc1cc(S(C)=O)ccc1-c1nc2ncccc2[nH]1,0
1613,CC(C)NCCCC1(C(N)=O)c2ccccc2-c2ccccc21,0
1614,CCCCCNCCCCC,1
1615,CCCCC(C)CC(O)C=CC1C(O)CC(=O)C1CCCCC=CC(=O)O,0
1616,CNCCc1ccc(OC(=O)C(C)C)c(OC(=O)C(C)C)c1,0
1617,C=C(c1ccccc1OCc1cccc(Cl)c1)n1ccnc1,0
1618,NCCN1CCCCC1,1
1619,N#CC(=C1SCC(c2ccccc2Cl)S1)n1ccnc1,0
1620,CCCCCCCCCCCCCCCCN,1
1621,CCOC(=O)C(CCc1ccccc1)NC1CSC(c2cccs2)CN(CC(=O)O)C1=O,0
1622,O=C(O)C1(C(=O)O)CCC1,1
1623,CCCCN(C)C,1
1624,Cc1[nH]c(=O)c(C#N)cc1-c1ccc2nccn2c1,0
1625,CC1CCC2C(C)C(OCc3ccc(C(=O)O)cc3)OC3OC4(C)CCC1C32OO4,0
1626,CNC(Cc1ccccc1)C(=O)N1CCCC1C(=O)NC(C=O)CCCNC(=N)N,0
1627,Cc1nc2n(c(=O)c1CCN1CCC(c3noc4cc(F)ccc34)CC1)CCCC2O,0
1628,CCCC(C)(C)C(=O)O,1
1629,Nc1ccc(S)cc1,1
1630,CCCC(Cc1ccccc1)N1CCCC1,0
1631,CNC(=O)c1c(I)c(NC(C)=O)c(I)c(C(=O)O)c1I,0
1632,CCCOC(=O)Cc1ccc(OCC(=O)N(CC)CC)c(OC)c1,0
1633,NC1Cc2ccccc2C1,1
1634,CCCCS(=O)(=O)Cl,1
1635,Cc1ccc(O)c(C(C)(C)C)c1,1
1636,C=CC(=O)OCCN(C)C,1
1637,CC1(C)C2CCC1(CS(=O)(=O)O)C(=O)C2,1
1638,CN(C)CCCO,1
1639,CCO[Si](C)(CCCN)OCC,1
1640,CCOC(=O)C(Br)CBr,1
1641,O=C(O)C1CCC1,1
1642,CC=CC(=O)O,1
1643,NCc1ccccn1,1
1644,CC1OC(OC2C(O)CC(OC3C(O)CC(OC4CCC5(C)C(CCC6C5CCC5(C)C(C7=CC(=O)OC7)C(O)CC65O)C4)OC3C)OC2C)CC(O)C1O,0
1645,CC(C)(C)NCCO,1
1646,CC1(C)SC2C(NC(=O)C(C(=O)O)c3ccsc3)C(=O)N2C1C(=O)O,0
1647,O=C(O)C1CC=CCC1,1
1648,CN(C1CCCCC1)C1CCCCC1,1
1649,NCC(O)c1ccccc1,1
1650,NCCCCCCCCN,1
1651,NC(=O)OCC(COC(N)=O)c1ccccc1,0
1652,CCN=C=NCCCN(C)C,1
1653,CNC1C(O)C(OC2C(N)CC(N)C(OC3OC(CN)=CCC3N)C2O)OCC1(C)O,0
1654,CCN(CC)CCNC(=O)c1ccc(NC(C)=O)cc1,0
1655,COC(=O)CC(=O)CCl,1
1656,CCCCOC(=O)C(=O)C1C(C)CC2C3CC(F)C4=CC(=O)C=CC4(C)C3C(O)CC21C,0
1657,CCC(OC(C)=O)C(CC(C)N(C)C)(c1ccccc1)c1ccccc1,0
1658,CN1CCN(C(=O)OC2c3nccnc3C(=O)N2c2ccc(Cl)cn2)CC1,0
1659,NCCCN1CCN(CCCN)CC1,1
1660,COc1ccccc1OC(=O)CNC(=O)Cc1ccc(C(=O)c2ccc(C)cc2)n1C,0
1661,CCCC(Br)C(=O)O,1
1662,CCCCCCCCCCN(C)C,1
1663,O=C(NC1CCN(CCc2c[nH]c3ccccc23)CC1)c1ccccc1,0
1664,O=C(Cl)c1cc(C(=O)Cl)cc(C(=O)Cl)c1,1
1665,NCc1cccnc1,1
1666,CC(C)(C)C(=O)Cl,1
1667,Clc1ccc(C(Cl)(Cl)Cl)cc1Cl,1
1668,C1CCC2=NCCCN2CC1,1
1669,O=C(CBr)c1ccccc1,1
1670,CC1(C)CC(N)CC(C)(CN)C1,1
1671,CC(C)N(C)C,1
1672,Cc1nc2sccn2c(=O)c1CCN1CCC(=C(c2ccc(F)cc2)c2ccc(F)cc2)CC1,0
1673,Cc1ccccc1O,1
1674,C1CCCNCCC1,1
1675,CCCCc1oc2ccc(NS(C)(=O)=O)cc2c1C(=O)c1ccc(OCCCN(CCCC)CCCC)cc1,0
1676,O=[PH](Oc1ccccc1)Oc1ccccc1,1
1677,CCCCCCCCCCCCS,1
1678,CCCCc1ccc(O)cc1,1
1679,O=[N+]([O-])c1ccccc1CCl,1
1680,O=[N+]([O-])c1cccc(CCl)c1,1
1681,O=C(Cl)c1cccc([N+](=O)[O-])c1,1
1682,Fc1cccc(Cl)c1CCl,1
1683,CC(C)c1ccc(O)cc1,1
1684,O=C(Cl)c1c(Cl)cccc1Cl,1
1685,CCN(CC)CCOC(=O)C(c1ccccc1)c1ccccc1,0
1686,Cc1c(-c2ccc(O)cc2)n(Cc2ccc(OCCN3CCCCCC3)cc2)c2ccc(O)cc12,0
1687,CCOC(=O)NC(C)(C)Cc1ccc(Cl)cc1,0
1688,Cl[Si](Cl)(c1ccccc1)c1ccccc1,1
1689,O=Cc1ccc(Cl)cc1Cl,1
1690,CC(C)CCCC(=O)O,1
1691,O=S(=O)(O)C(F)(F)F,1
1692,CC(CC(=O)Cl)CC(C)(C)C,1
1693,CCOC(=O)C=CC(=O)O,0
1694,OCCBr,1
1695,Cc1cc(O)c(Cl)c(C)c1Cl,1
1696,CCCC(CC)CCCCCCCN,1
1697,Oc1ccc(CCNCCCCCCNCCc2ccccc2)cc1O,0
1698,CCC(C)(C)C(=O)O,1
1699,CNS(=O)(=O)CCc1ccc2[nH]cc(C3CCN(C)CC3)c2c1,0
1700,O=C(CBr)c1ccc(O)cc1,1
1701,COS(=O)(=O)C(F)(F)F,1
1702,O=C(Cn1ccnc1[N+](=O)[O-])NCc1ccccc1,0
1703,O=C(O)C(Br)CBr,1
1704,CCN(CC)CCOC(=O)C(O)(c1ccccc1)c1ccccc1,0
1705,O=C(NCCNCC(O)COc1ccc(O)cc1)N1CCOCC1,0
1706,NC1CCC(CC2CCC(N)CC2)CC1,1
1707,CCN1CCCC1CN,1
1708,CC(C)C(=O)OC(=O)C(C)C,1
1709,O=C1CCC(=O)N1Cl,1
1710,CCCO[Si](OCCC)(OCCC)OCCC,1
1711,CCCC(=O)Cl,1
1712,O=C(O)CCCl,1
1713,Cc1nnc(C(=O)NC(C)(C)c2nc(C(=O)NCc3ccc(F)cc3)c(O)c(=O)n2C)o1,0
1714,CCc1cccc(O)c1,1
1715,O=C(Oc1cccc2cccnc12)c1ccccc1,0
1716,CN(C)CCN(C)CCN(C)C,1
1717,NCc1ccccc1,1
1718,CCCCCCCCN(C)CCCCCCCC,1
1719,CCN(CC)C1CCCCC1,1
1720,COCCCN1CCC(NC(=O)c2cc(Cl)c(N)c3c2OCC3)CC1,0
1721,CC(C)(C)C(=O)C(=O)O,1
1722,ClCc1cccc(Cl)c1,1
1723,CC(C)(C)c1cccc(O)c1,1
1724,C=CCc1ccccc1O,1
1725,CN(C)Cc1ccccc1,1
1726,CN(C)Cc1ccccc1O,1
1727,O=C(CCl)c1ccc(Cl)cc1Cl,1
1728,Cc1cccc(C(C)c2c[nH]cn2)c1C,0
1729,O=C(O)C(F)(F)C(F)(F)C(F)(F)C(F)(F)C(F)(F)C(F)(F)F,1
1730,O=c1c(-c2ccccc2)c1-c1ccccc1,0
1731,BrCc1ccccc1,1
1732,CCOC(=O)C(F)(F)F,1
1733,CCc1ccc(O)cc1,1
1734,CN(C)CCCNCCCN(C)C,1
1735,O=C(O)CC(=O)C(=O)O,1
1736,CC(CN)CCCN,1
1737,CCOC(=O)C(Cl)C(C)=O,1
1738,Cc1cccc(O)c1,1
1739,CCOCC(=O)O,1
1740,CC1CCCCN1CCCOC(=O)c1ccc(OC2CCCCC2)cc1,0
1741,NCCOCCN,1
1742,CC[Si](OC(C)=O)(OC(C)=O)OC(C)=O,1
1743,CCCCC(=O)Cl,1
1744,CC(C)(C)NCCNC(C)(C)C,1
1745,O=C(CCl)C(Cl)Cl,1
1746,BrCc1ccc(Br)cc1,1
1747,O=Cc1ccc(Cl)c(Cl)c1,1
1748,O=c1cc(O)c(Cl)c[nH]1,0
1749,CC1CC(CC2CCC(N)C(C)C2)CCC1N,1
1750,CN(C)CCCN(C)CCCN(C)C,1
1751,CC(N)Cc1ccc(O)cc1,0
1752,O=C(O)C(F)(F)C(F)(F)C(F)(F)C(F)(F)C(F)(F)C(F)(F)C(F)(F)C(F)(F)F,1
1753,O=C(O)C(F)(F)C(F)(F)C(F)(F)C(F)(F)C(F)(F)F,1
1754,CC(C)NC(C)Cc1ccc(I)cc1,0
1755,Cc1ccc(C)c(O)c1C,1
1756,CCCCCCCC(=O)Cl,1
1757,CC(C)C(=O)O,1
1758,NCCCN(CCO)CCO,1
1759,CNCc1ccccc1,1
1760,C[Si](Cl)(c1ccccc1)c1ccccc1,1
1761,O=Cc1c(Cl)cccc1Cl,1
1762,CC1CCCC(C)N1NC(=O)c1ccc(Cl)c(S(N)(=O)=O)c1,0
1763,NC1=NC(=O)C(c2ccccc2)O1,0
1764,CC1CC(OC(=O)C(O)c2ccccc2)CC(C)(C)N1C,0
1765,CCCCCCCCC(=O)Cl,1
1766,Sc1ccccc1Cl,1
1767,CCCCCCCc1ccc(O)cc1,1
1768,C[Si](C)(C)Cl,1
1769,CCCCCCCCP(=O)(O)O,1
1770,Cc1cc(C)c(C)c(O)c1,1
1771,O=C(O)C(Br)(Br)Br,1
1772,ClCc1ccc(Cl)cc1Cl,1
1773,Cc1ccccc1CCl,1
1774,COc1ccccc1N1CCNCC1,1
1775,C1CCC(NC2CCCCC2)CC1,1
1776,NCc1cccc(CN)c1,1
1777,CCCCCCCCCCCC(=O)Cl,1
1778,O=C(Cl)c1ccc(Cl)cc1,1
1779,O=C(Cl)Oc1ccccc1,1
1780,CC(C)C(=O)Cl,1
1781,BrCC(Br)c1ccccc1,1
1782,OCCC1CCCCN1,1
1783,O=P(Cl)(Cl)c1ccccc1,1
1784,CC(I)C1OCC(CO)O1,0
1785,O=C(Cl)c1cc([N+](=O)[O-])cc([N+](=O)[O-])c1,1
1786,O=[N+]([O-])c1ccccc1CBr,1
1787,O=[N+]([O-])c1cccc(CBr)c1,1
1788,O=[N+]([O-])c1ccc(S(=O)(=O)O)cc1,1
1789,C#CC1(OC(=O)CCCCCC)CCC2C3CCC4=CC(=O)CCC4C3CCC21C,0
1790,CCNCCN,1
1791,BrCc1ccccc1CBr,1
1792,OCC(Cl)(Cl)Cl,1
1793,ClCc1c2ccccc2cc2ccccc12,1
1794,CC(C)CN(CC(C)C)CC(C)C,1
1795,Fc1ccc(CCl)cc1,1
1796,CC(C)S(=O)(=O)Cl,1
1797,O=C(n1ccnc1)n1ccnc1,1
1798,Cc1ccccc1C(=O)Cl,1
1799,O=C1CCC(=O)N1Br,1
1800,ClCc1ccc(Br)cc1,1
1801,CN(C)C(=N)N(C)C,1
1802,O=C(Cl)c1cccc(Cl)c1,1
1803,FC(F)(F)c1ccc(CCl)cc1,1
1804,O=C(Cl)OCCCl,1
1805,O=C(CBr)c1ccc(-c2ccccc2)cc1,1
1806,O=C(Cl)CCc1ccccc1,1
1807,N#Cc1ccc(CCl)cc1,1
1808,NCc1ccc(CN)cc1,1
1809,O=C(Cl)Cc1ccccc1,1
1810,O=C(Cl)c1ccccc1C(=O)Cl,1
1811,COc1ccc(CCl)cc1,1
1812,C=Cc1cccnc1,1
1813,O=C1OCCN1P(=O)(Cl)N1CCOC1=O,1
1814,CCCCCN(CCCCC)CCCCC,1
1815,BrCc1ccc(CBr)cc1,1
1816,BrCc1cccc(CBr)c1,1
1817,O=C(Cl)OCC1c2ccccc2-c2ccccc21,1
1818,O=C(Cl)c1ccccc1Cl,1
1819,O=C(O)CCCCCCCBr,1
1820,NC1CCC(N)CC1,1
1821,CC(O)CBr,1
1822,CC(=O)Oc1ccc2c(CBr)cc(=O)oc2c1,1
1823,CCC(O)CN,1
1824,CC(=O)NBr,1
1825,COc1ccc2c(CBr)cc(=O)oc2c1,1
1826,O=CC(=O)O,1
1827,COc1cccc(C(=O)CBr)c1,1
1828,CC12CCC3c4ccc(O)cc4CCC3C1CCC2O,0
1829,CC12CCC(O)CC1=CCC1C2CCC2(C)C1CCC2(C)O,0
1830,Cc1cc(C=CC#N)cc(C)c1Nc1ccnc(Nc2ccc(C#N)cc2)n1,0
1831,CCCCCC(O)CCC1C(O)CC2Cc3c(cccc3OCC(=O)O)CC21,0
1832,CCCCC(C)(C)C(O)C=CC1C(O)CC(Cl)C1CC=CCCCC(=O)O,0
1833,CC(C)c1nc(CN(C)C(=O)NC(CCN2CCOCC2)C(=O)NC(CCC(Cc2ccccc2)NC(=O)OCc2cncs2)Cc2ccccc2)cs1,0
1834,FC(F)(Cl)Cl,0
1835,O=C(O)c1nc(=O)[nH]c(=O)[nH]1,0
1836,CCC(c1cccc(O)c1)C(C)CN(C)C,0
1837,CC(C)NCC(O)COc1ccc(O)cc1,0
1838,C=C(C(=O)O)C1CCC(C)C2CCC(C)=CC12,0
1839,CCOC(=O)C(C)(N)Cc1ccc(O)c(O)c1,0
1840,CNC1CCc2[nH]c3ccc(C(N)=O)cc3c2C1,0
1841,CCN(C)C(=O)Oc1cccc(C(C)N(C)C)c1,0
1842,Oc1nc(S)ncc1I,0
1843,NC(=O)N1c2ccccc2CC(O)c2ccccc21,0
1844,CCC(=O)OC1(c2ccccc2)CCN(C)CC1C,0
1845,N=C(N)NCc1cccc(I)c1,0
1846,CN1CC2c3ccccc3Oc3ccc(Cl)cc3C2C1,0
1847,CCC(c1ccc2cc(OC)ccc2c1)C(C)(C)C(=O)O,0
1848,CCN(CC)CCOC(=O)C1(c2ccccc2)CCCC1,0
1849,CCCCCCC1CCC(O)C1CCCCCCC(=O)O,0
1850,CCCCCNC(=N)NN=Cc1c[nH]c2ccc(OC)cc12,0
1851,CNC1CCC(c2ccc(Cl)c(Cl)c2)c2ccccc21,0
1852,N#CCC(C1CCCC1)n1cc(-c2ncnc3[nH]ccc23)cn1,0
1853,O=C(O)c1ccc2nc(-c3cc(Cl)cc(Cl)c3)oc2c1,0
1854,CCOC1OC2OC3(C)CCC4C(C)CCC(C1C)C24OO3,0
1855,C#CC1(O)CCC2C3CCC4=CC(=O)CCC4(C)C3CCC21C,0
1856,N#CC1CC2CC2N1C(=O)C(N)C12CC3CC(CC(O)(C3)C1)C2,0
1857,O=P(O)(O)C(Sc1ccc(Cl)cc1)P(=O)(O)O,0
1858,O=C(OC1CC2CC3CC(C1)N2CC3=O)c1c[nH]c2ccccc12,0
1859,Cc1ccnc(NC(=O)C(C)c2cccc(C(=O)c3ccccc3)c2)c1,0
1860,CC1=CC23C(=O)C(C=C(CO)C(O)C2(O)C1O)C1C(CC3C)C1(C)C,0
1861,CS(=O)(=O)Nc1cc2c(cc1Oc1ccc(F)cc1F)C(=O)CC2,0
1862,COc1cc(Cc2cnc(N)nc2N)c2c(c1OC)OC(C1CC1)C=C2,0
1863,CCCCCC(O)C=CC1C(O)CC2(C)CC(=CCCCC(=O)O)CC12,0
1864,CCCCCC(C)(O)C=CC1C(O)CC(=O)C1CC=CCCCC(=O)O,0
1865,CCCCCC(C)(O)C=CC1C(O)CC(O)C1CC=CCCCC(=O)O,0
1866,CC1CC2C3CCC4=CC(=O)C=CC4(C)C3C(=O)CC2(C)C1(O)C(=O)CO,0
1867,CCC#CCC(C)C(O)C#CC1C(O)CC2CC(=CCOCC(=O)O)CC21,0
1868,C=C1CC(O)C(C=CC(O)C(C)(C)CCCC)C1CC=CCCCC(=O)O,0
1869,CCCCCC(C)(O)C=CC1C(O)CC(O)C1CC=C=CCCC(=O)OC,0
1870,CCCCC(C)(O)CC=CC1C(O)CC(=O)C1CCC=CCCC(=O)OC,0
1871,CC(=O)OCC(=O)C1(O)CCC2C3CCC4=CC(=O)CCC4(C)C3=CCC21C,0
1872,CCc1cc2c(cc1CC)CC(NCC(O)c1ccc(O)c3[nH]c(=O)ccc13)C2,0
1873,C=CC(O)(CC=CC1C(O)CC(=O)C1CC=CCCCC(=O)OC)CCCC,0
1874,CCCN1CC(NS(=O)(=O)N(CC)CC)CC2Cc3c(O)cccc3CC21,0
1875,CON=C(C(=O)NC1C(=O)N2C(C(=O)O)=C(C)CSC12)c1csc(N)n1,0
1876,C=C1CCC(O)CC1=CC=C1CCCC2(C)C1CCC2C(C)CCCC(C)(C)O,0
1877,COC(=O)CCC=C=CCC1C(O)CC(O)C1C=CC(O)COc1ccccc1,0
1878,COCc1c(C(=O)OC(C)C)ncc2[nH]c3ccc(OCc4ccccc4)cc3c12,0
1879,OC(CNCC(O)C1CCc2cc(F)ccc2O1)C1CCc2cc(F)ccc2O1,0
1880,COC(=O)CCCC=CCC1C(O)CC(O)C1C#CC(O)CCC1CCCCC1,0
1881,CCCCC(C)(OC)C(O)C=CC1C(O)CC(=O)C1CCCCCCC(=O)OC,0
1882,Cc1c(O)cc2c(c1C)OC(C)(CCCC(C)CCCC(C)CCCC(C)C)CC2,0
1883,CCOC(=O)COC1CCN(C(=O)C(C)NC(=O)c2ccc(C(N)=NO)cc2)CC1,0
1884,O=C(O)CCCC=CCC1C(O)CC(O)C1C=CC(O)COc1cccc(Cl)c1,0
1885,COC(=O)C1C(c2ccc([123I])cc2)CC2CCC1N2CCCF,0
1886,Nc1nc2[nH]cc(CCc3ccc(C(=O)NC(CCC(=O)O)C(=O)O)cc3)c2c(=O)[nH]1,0
1887,CC1CC2C3CC(F)C4=CC(=O)C=CC4(C)C3(F)C(O)CC2(C)C1(O)C(=O)CCl,0
1888,N=C(N)c1ccc(CNC(=O)C2CCN2C(=O)C(NCC(=O)O)C2CCCCC2)cc1,0
1889,CS(=O)(=O)c1cc(F)cc2c3c(n(Cc4ccc(Cl)cc4)c12)C(CC(=O)O)CC3,0
1890,CC1(C)OC2CC3C4CC(F)C5=CC(=O)CCC5(C)C4C(O)CC3(C)C2(C(=O)CO)O1,0
1891,CCCCS(=O)(=O)NC(Cc1ccc(OCCCCC2CCNCC2)cc1)C(=O)O,0
1892,CC(=O)OCCN1CCN(CCC=C2c3ccccc3Sc3ccc(Cl)cc32)CC1,0
1893,O=C(O)CCCC=CCC1C(O)CC(O)C1SCC(O)COc1cccc(Cl)c1,0
1894,CCCCOC(=O)NC(CNC(=O)CC1CC(c2ccc(C(=N)N)cc2)=NO1)C(=O)OC,0
1895,COc1cc2c(cc1Cc1cccc(Cl)c1F)c(=O)c(C(=O)O)cn2C(CO)C(C)C,0
1896,O=[N+]([O-])OCC(O[N+](=O)[O-])C(O[N+](=O)[O-])C(O[N+](=O)[O-])C(CO[N+](=O)[O-])O[N+](=O)[O-],0
1897,O=C(O)CCCC=CCC1C(O)CC(O)C1C=CC(O)COc1cccc(C(F)(F)F)c1,0
1898,CNS(=O)(=O)Cc1ccc2[nH]cc(CCCN3CCN(c4ncncc4OC)CC3)c2c1,0
1899,CN1c2c([nH]c(N)nc2=O)NCC1CNc1ccc(C(=O)NC(CCC(=O)O)C(=O)O)cc1,0
1900,CC(C)CCCC(C)C1CCC2C3CC=C4CC(OS(=O)(=O)O)CCC4(C)C3CCC12C,0
1901,Cn1c(CNc2ccc(C(=N)N)cc2)nc2cc(C(=O)N(CCC(=O)O)c3ccccn3)ccc21,0
1902,CN1CCN(C(=O)OC2C3=C(SCCS3)C(=O)N2c2ccc3ccc(Cl)nc3n2)CC1,0
1903,CC1CC2C3CCC4=CC(=O)C=CC4(C)C3(F)C(O)CC2(C)C1(OC(=O)c1ccccc1)C(=O)CO,0
1904,Clc1ccc2c(N3CCN(CCCN4CCN(c5ccnc6cc(Cl)ccc56)CC4)CC3)ccnc2c1,0
1905,COc1ccc(NS(=O)(=O)c2ccc(NC(c3c(C)n(C)n(-c4ccccc4)c3=O)S(=O)(=O)O)cc2)nn1,0
1906,CC1(C)C2CCC1(CS(=O)(=O)O)C(=O)C2=Cc1ccc(C=C2C(=O)C3(CS(=O)(=O)O)CCC2C3(C)C)cc1,0
1907,CC(C)(O)c1ccccc1CCC(SCC1(CC(=O)O)CC1)c1cccc(C=Cc2ccc3ccc(Cl)cc3n2)c1,0
1908,CN1CC(C(=O)NC2(C)OC3(O)C4CCCN4C(=O)C(Cc4ccccc4)N3C2=O)C=C2c3cccc4c3c(cn4C)CC21,0
1909,CC(=O)N1CCN(C2CCN(C(=O)N(C)C(C)c3cc(C(F)(F)F)cc(C(F)(F)F)c3)C(c3ccc(F)cc3C)C2)CC1,0
1910,CCOc1ccc2c(c1)C1(CCC(OCCN3CCOCC3)CC1)C(=O)N2S(=O)(=O)c1ccc(C(=O)NC(C)(C)C)cc1OC,0
1911,CC(=O)Nc1c(I)c(C(=O)O)c(I)c(C(=O)NCCO)c1I,0
1912,C=C1CC2CCC34CC5OC6C(OC7CCC(CC(=O)CC8C(CC9OC(CCC1O2)CC(C)C9=C)OC(CC(O)CN)C8OC)OC7C6O3)C5O4,0
1913,O=C(O)C(O)C(O)C(O)C(O)C(O)CO,0
1914,Nc1nc(F)nc2c1ncn2C1OC(CO)C(O)C1O,0
1915,CCCCC(C)(O)CC=CC1C(O)CC(=O)C1CCCCCCCO,0
1916,CCN(CC)CCNC(=O)c1cc(Cl)c(N)cc1OC(C)C(C)=O,0
1917,CNc1ccc(C=Cc2ccc(OCCOCCOCC[18F])nc2)cc1,0
1918,NC(CC(=O)N1CCn2c(nnc2C(F)(F)F)C1)Cc1cc(F)c(F)cc1F,0
1919,N=C(N)NCCCNC(=O)C1CCCCN1C(=O)C(CC1CCCCC1)NCC(=O)O,0
1920,CC1CC2C3CCC4=CC(=O)C=CC4(C)C3=CCC2(C)C1C(=O)CN1CCN(c2cc(N3CCCC3)nc(N3CCCC3)n2)CC1,0
1921,C#CCN,1
1922,C=CCC(=O)O,1
1923,CCC(N)CC,1
1924,CCCNCC,1
1925,CCC(=O)Cl,1
1926,NCCCCCO,1
1927,C=C(C)C(=O)Cl,1
1928,NCCN1CCCC1,1
1929,CC(N)c1ccccc1,1
1930,O=C(F)c1ccccc1,1
1931,CCC(C)NC(C)CC,1
1932,CCOC(CN)OCC,1
1933,C=CC[Si](C)(C)Cl,1
1934,O=C(Cl)CCCCl,1
1935,O=C=NS(=O)(=O)Cl,1
1936,COc1ccccc1CCN,1
1937,CC(C)CCNCCC(C)C,1
1938,O=C(Cl)CCCC(=O)Cl,1
1939,O=Cc1cc(Cl)cc(Cl)c1,1
1940,CC1C2C=CC1C1C(=O)OC(=O)C21,1
1941,CCC(Br)C(=O)OC,1
1942,CC(C)(C)C(=O)OC(=O)C(C)(C)C,1
1943,CC(C)C[Si](Cl)(Cl)Cl,1
1944,O=S(=O)(Cl)c1ccc(F)cc1,1
1945,CCCCC(Br)C(=O)O,1
1946,COc1ccc(S(=O)(=O)O)cc1N,1
1947,CO[Si](C)(CCCNCCN)OC,1
1948,O=S(=O)(Cl)C(Cl)(Cl)Cl,1
1949,O=P(O)(O)CCCCP(=O)(O)O,1
1950,O=[N+]([O-])c1ccc(SCl)c([N+](=O)[O-])c1,1
1951,CCCCCCCC(=O)OC(=O)CCCCCCC,1
1952,O=C(c1ccccc1)C(Br)c1ccccc1,1
1953,O=S(=O)(F)C(F)(F)C(F)(F)C(F)(F)C(F)(F)F,1
1954,Cl[Sn](Cl)(Cl)c1ccccc1,1
1955,CCCCCCCCCCCCCC[Si](Cl)(Cl)Cl,1
1956,O=C(OC(=O)C(F)(F)C(F)(F)C(F)(F)F)C(F)(F)C(F)(F)C(F)(F)F,1
1957,O=C(O)c1ccc2ccccc2c1O,0
1958,CCNC,1
1959,C1=CCNC1,1
1960,NC1CCC1,1
1961,CCN(C)C,1
1962,CCCNC,1
1963,C#CCCl,1
1964,CC(N)CO,1
1965,CC#CC(=O)O,1
1966,CC(C)(C)CN,1
1967,CCC(C)CN,1
1968,CCNC(C)C,1
1969,CCOCCN,1
1970,NCCCCO,1
1971,NC(CO)CO,1
1972,CCOCCl,1
1973,CCOC(=O)C#N,1
1974,CCN1CCCC1,1
1975,CC=CCC(=O)O,1
1976,CCCN=C=S,1
1977,NCCCCCN,1
1978,CNCCCNC,1
1979,CNCCN(C)C,1
1980,C1CSCCN1,1
1981,CC=CC(=O)Cl,1
1982,COC(CN)OC,1
1983,CCSCCO,1
1984,CC1(CCl)CO1,1
1985,C=CP(=O)(O)O,1
1986,COCC(=O)Cl,1
1987,CC(C)(C)OCl,1
1988,CCS(=O)(=O)O,1
1989,CN1C(=O)C=CC1=O,1
1990,CC1CCCC(N)C1,1
1991,CC1CCCCC1N,1
1992,CCCC=CC(=O)O,1
1993,CC(C)C=CC(=O)O,1
1994,C=CCCCC(=O)O,1
1995,NCC1CCNCC1,1
1996,C[SiH](Cl)Cl,1
1997,OCC1CCCCN1,1
1998,OCC1CCCNC1,1
1999,NC1CCCCC1O,1
2000,CCCNC(C)CC,1
2001,O=C(O)C1CCCO1,1
2002,CCC(C)CC(=O)O,1
2003,CC(C)(C)CC(=O)O,1
2004,CCNCCNCC,1
2005,CN(C)[Si](C)(C)C,1
2006,NCCNCCCO,1
2007,CC(O)CNCCN,1
2008,CC(C)CC(=O)Cl,1
2009,C=C[Si](C)(C)Cl,1
2010,NCCc1ccccc1,1
2011,Cc1cccc(CN)c1,1
2012,NCCc1cccnc1,1
2013,COC(=O)C(=O)Cl,1
2014,CCC(Cl)C(=O)O,1
2015,CC(Cl)CC(=O)O,1
2016,O=C(O)CCCCl,1
2017,C[Si](C)(C)CCl,1
2018,CN(C)C(=S)Cl,1
2019,NCc1cccc(F)c1,1
2020,NCc1ccc(F)cc1,1
2021,NCCCn1ccnc1,1
2022,Nc1cccc(S)c1,1
2023,CCCCC#CC(=O)O,1
2024,O=C(Cl)C(=O)Cl,1
2025,O=C(Cl)CCCl,1
2026,NCCc1cccs1,1
2027,C1CCCCNCCC1,1
2028,NC1CCCCCCC1,1
2029,O=C(O)CC(F)(F)F,1
2030,COC(=O)C(F)(F)F,1
2031,CNC1CCN(C)CC1,1
2032,O=C(Cl)OCCl,1
2033,C1CNCCNCCN1,1
2034,CCN(C(C)C)C(C)C,1
2035,O=C(O)C1(C(=O)O)CC1,1
2036,C=CC(=O)OCCCO,1
2037,NCCCCCCCN,1
2038,O=C(O)C(F)(F)Cl,1
2039,O=C(Cl)c1ccco1,1
2040,Cc1cccc(N=C=O)c1,1
2041,CC(C)(C)CC(=O)Cl,1
2042,CCCCCC(=O)Cl,1
2043,CCC(C)(C)C(=O)Cl,1
2044,C=C(C)CBr,1
2045,Cc1ccc(CCN)cc1,1
2046,CCNCc1ccccc1,1
2047,CCOC(=O)C(=O)Cl,1
2048,CCCCOC(=O)Cl,1
2049,CC(C)COC(=O)Cl,1
2050,CC(C)(CCl)C(=O)O,1
2051,COc1ccccc1CN,1
2052,Cc1cc(O)c(C)c(O)c1,1
2053,C=C(C(=O)O)C(F)(F)F,1
2054,CCOC(=O)C(F)Cl,1
2055,Cc1cccc(CCl)c1,1
2056,S=C=NC1CCCCC1,1
2057,NCc1ccc(Cl)cc1,1
2058,NCc1cccc(Cl)c1,1
2059,O=C(O)CCC(F)(F)F,1
2060,O=C(O)Cc1cccs1,1
2061,CN(C)CC=CCN(C)C,1
2062,C[Si](C)(Cl)CCl,1
2063,Fc1ccccc1CCl,1
2064,Fc1cccc(CCl)c1,1
2065,Sc1cccc(Cl)c1,1
2066,CN(CCCN)CCCN,1
2067,CCCCCCC(=O)Cl,1
2068,Clc1cc(Cl)ncn1,1
2069,C[Si](Cl)(Cl)Cl,1
2070,NCCNCc1ccccc1,1
2071,COC(=O)C(Cl)C(C)=O,1
2072,CC[Si](Cl)(CC)CC,1
2073,NCc1ccc2c(c1)OCO2,1
2074,O=C1OC(=O)C2=C1CCCC2,1
2075,C=Cc1ccc(CCl)cc1,1
2076,ClCC=Cc1ccccc1,1
2077,COC(=O)CBr,1
2078,O=C(O)CCBr,1
2079,O=C=Nc1ccccc1Cl,1
2080,Cc1ccc(CCl)c(C)c1,1
2081,O=C(Cl)CCC(=O)Cl,1
2082,CCCCCCC=CC(=O)O,1
2083,CCOP(Cl)OCC,1
2084,O=C(Cl)OCCCCl,1
2085,CC[Si](Cl)(Cl)CC,1
2086,CC(CCN)CC(C)(C)CN,1
2087,O=C(Cl)c1cccc(F)c1,1
2088,CCOC(CCCN)OCC,1
2089,CCN(CC)Cc1ccccc1,1
2090,CCCCNCc1ccccc1,1
2091,C[Si](Cl)(Cl)CCl,1
2092,O=C(O)C=CCBr,1
2093,COc1ccc(N=C=S)cc1,1
2094,N#CCI,1
2095,CC(C)(Br)C(=O)O,1
2096,C[Si](C)(C)CBr,1
2097,COc1cccc(CN)c1OC,1
2098,O=S(=O)(Cl)C(F)(F)F,1
2099,CCOC(=O)C#CC(=O)OCC,1
2100,O=C(O)c1ccc(CCl)cc1,1
2101,COc1ccc(C(=O)Cl)cc1,1
2102,C[Si](C)(Cl)c1ccccc1,1
2103,CC(Br)C(=O)Cl,1
2104,O=Cc1cc(Cl)ccc1Cl,1
2105,NCc1ccc(C(F)(F)F)cc1,1
2106,CC(=O)O[Si](C)(C)OC(C)=O,1
2107,CCC[Si](Cl)(Cl)Cl,1
2108,CCOS(=O)(=O)C(F)(F)F,1
2109,CO[Si](CCCN)(OC)OC,1
2110,O=C(O)CCCCBr,1
2111,Cc1cc(C)c(C(=O)Cl)c(C)c1,1
2112,O=S(=O)(Cl)c1cccs1,1
2113,CC(Oc1ccccc1)C(=O)Cl,1
2114,O=C(Br)c1ccccc1,1
2115,Cc1ccc(CBr)cc1,1
2116,Cc1cccc(CBr)c1,1
2117,Cc1ccccc1CBr,1
2118,C=C[Si](C)(C)N[Si](C)(C)C=C,1
2119,CCC(Br)C(=O)Cl,1
2120,NCc1ccc(Br)cc1,1
2121,CC(C)CC(=O)OC(=O)CC(C)C,1
2122,CCCCC(=O)OC(=O)CCCC,1
2123,C[Si](C)(Cl)CBr,1
2124,NNc1ccc(S(=O)(=O)O)cc1,1
2125,Sc1ccc(Br)cc1,1
2126,O=C(Cl)c1ccc2ccccc2c1,1
2127,Cc1ccc(S(=O)(=O)Cl)cc1,1
2128,Cc1ccccc1S(=O)(=O)Cl,1
2129,CCCCCCCCCC(=O)Cl,1
2130,C[Si](Cl)(Cl)c1ccccc1,1
2131,C[Si](Cl)(Cl)CCCCl,1
2132,CCCC[Si](Cl)(Cl)Cl,1
2133,CC(C)(C)OC(=O)CBr,1
2134,CCOC(=O)C(C)(C)Br,1
2135,ClCc1ccc(Cl)c(Cl)c1,1
2136,N#Cc1ccc(CBr)cc1,1
2137,O=C(OCC(F)(F)F)C(F)(F)F,1
2138,BrCC=Cc1ccccc1,1
2139,C[Si](Cl)(Cl)C1CCCCC1,1
2140,O=C(O)CCI,1
2141,CC(C)OC1(OC(C)C)CCCCC1,1
2142,O=C(Br)CBr,1
2143,ClC(c1ccccc1)c1ccccc1,1
2144,O=C(CC(=O)C(F)(F)F)C(F)(F)F,1
2145,O=C(Cl)c1ccccc1C(F)(F)F,1
2146,O=C(Cl)c1cccc(C(F)(F)F)c1,1
2147,CCCC(Br)C(=O)OCC,1
2148,O=C(O)CCCCCCBr,1
2149,O=C(Cl)c1ccc(Cl)c(Cl)c1,1
2150,O=C(OC(=O)C(F)(F)F)C(F)(F)F,1
2151,COC(=O)C(Br)C(=O)OC,1
2152,C[Si](Cl)(Cl)CCC(F)(F)F,1
2153,CCCCCCCNCCCCCCC,1
2154,CCCCCC(=O)OC(=O)CCCCC,1
2155,O=C(O)c1ccc(CBr)cc1,1
2156,O=S(=O)(Cl)c1ccc(Cl)s1,1
2157,O=C(Cl)c1ccc(Br)cc1,1
2158,CCCCCC[Si](Cl)(Cl)Cl,1
2159,ClP(c1ccccc1)c1ccccc1,1
2160,CCCCCCCCCCOC(=O)Cl,1
2161,BrCc1ccc2ccccc2c1,1
2162,O=[N+]([O-])c1cccc(S(=O)(=O)Cl)c1,1
2163,O=[N+]([O-])c1ccccc1S(=O)(=O)Cl,1
2164,CCCCCCCCCCP(=O)(O)O,1
2165,O=S(=O)(Cl)c1cccc2ccccc12,1
2166,O=S(=O)(Cl)c1ccc2ccccc2c1,1
2167,CC(C)CCN(CCC(C)C)CCC(C)C,1
2168,CC(C)(Br)C(=O)Br,1
2169,Clc1cccc(Cl)c1C(Cl)Cl,1
2170,Clc1ccccc1C(Cl)(Cl)Cl,1
2171,O=C(Cl)c1c(F)c(F)c(F)c(F)c1F,1
2172,O=C(c1ccccc1)C(Cl)c1ccccc1,1
2173,O=C(Cl)N(c1ccccc1)c1ccccc1,1
2174,O=C(Cl)C(F)(F)C(F)(F)C(F)(F)F,1
2175,Clc1ccc(C(Cl)c2ccccc2)cc1,1
2176,Fc1ccc(C(Cl)c2ccc(F)cc2)cc1,1
2177,CCOC(=O)C(Br)C(=O)OCC,1
2178,CCCCCCCCNCCCCCCCC,1
2179,CCCCCCC(=O)OC(=O)CCCCCC,1
2180,O=C(CBr)c1ccc([N+](=O)[O-])cc1,1
2181,O=S(=O)(Cl)c1ccc(Cl)c(Cl)c1,1
2182,CCCCCCCCCCCCCC(=O)Cl,1
2183,BrC(c1ccccc1)c1ccccc1,1
2184,CCCCCCCC[Si](Cl)(Cl)Cl,1
2185,O=C(CBr)c1ccc2ccccc2c1,1
2186,ClCc1ccc(-c2ccc(CCl)cc2)cc1,1
2187,CCOC(=O)C(C)(Br)C(=O)OCC,1
2188,O=S(=O)(Cl)c1cccc(Br)c1,1
2189,O=S(=O)(Cl)c1ccc(Br)cc1,1
2190,O=[N+]([O-])c1cc(S(=O)(=O)Cl)ccc1Cl,1
2191,O=CC(Br)=C(Br)C(=O)O,1
2192,Fc1c(F)c(F)c(CBr)c(F)c1F,1
2193,CCOC(=O)C(Br)C(C)Br,1
2194,CCCCCCCCCCCCCCCC(=O)Cl,1
2195,O=C(O)C(Br)C(Br)C(=O)O,1
2196,O=S(=O)(Cl)c1cc(Cl)c(Cl)cc1Cl,1
2197,O=C1OI(=O)(O)c2ccccc21,1
2198,O=C(OC(Cl)(Cl)Cl)OC(Cl)(Cl)Cl,1
2199,O=S(=O)(Cl)c1ccc(I)cc1,1
2200,O=C(OC(=O)C(Cl)(Cl)Cl)C(Cl)(Cl)Cl,1
2201,O=C(OC(=O)C(F)(F)C(F)(F)F)C(F)(F)C(F)(F)F,1
2202,O=S(=O)(O)c1ccc(-c2ccc(S(=O)(=O)O)cc2)cc1,1
2203,CCCCO[Si](OCCCC)(OCCCC)OCCCC,1
2204,CCCCCCCCCC(=O)OC(=O)CCCCCCCCC,1
2205,BrC(Br)c1ccccc1C(Br)Br,1
2206,CCCCCCCCCCCCCCCC(=O)OC(=O)CCCCCCCCCCCCCCC,1
2207,O=S(=O)(F)C(F)(F)C(F)(F)C(F)(F)C(F)(F)C(F)(F)C(F)(F)C(F)(F)C(F)(F)F,1
2208,O=C(O)C(F)(F)C(F)(F)C(F)(F)C(F)(F)C(F)(F)C(F)(F)C(F)(F)C(F)(F)C(F)(F)C(F)(F)C(F)(F)F,1
2209,CCC(C)(C)N,1
2210,CCN(C)CC,1
2211,NC1CCNCC1,1
2212,NCc1ccncc1,1
2213,C#CCCCC(=O)O,1
2214,CCCC#CC(=O)O,1
2215,NCc1cccs1,1
2216,CC1CCC(N)CC1,1
2217,Cc1ccc(CN)cc1,1
2218,CCS(=O)(=O)Cl,1
2219,CCCN(CC)CCC,1
2220,CCC(=O)Br,1
2221,COc1ccc(CN)cc1,1
2222,CCCCCC=CC(=O)O,1
2223,O=C(Cl)C1CCCCC1,1
2224,CCCC[Si](C)(C)Cl,1
2225,COc1ccc(C(C)N)cc1,1
2226,CC=CC(=O)OC(=O)C=CC,1
2227,COc1cccc(CCl)c1,1
2228,O=C(Cl)c1ccc(F)cc1,1
2229,CC(C)OC(=O)OC(C)Cl,1
2230,N#CCCN(CCC#N)CCC#N,1
2231,CCCCCCc1ccc(O)cc1,1
2232,NCCc1ccc(Br)cc1,1
2233,CCOC(=O)C(Br)C(C)C,1
2234,ClCCC[Si](Cl)(Cl)Cl,1
2235,BrCc1ccccc1Br,1
2236,O=S(=O)(Cl)c1c(F)c(F)c(F)c(F)c1F,1
2237,CCCCCCCCCCCCCCCCOC(=O)Cl,1
2238,CCCCC(CC)CN(CC(CC)CCCC)CC(CC)CCCC,1
2239,N=C(N)NCCN1CCCCCCC1,0
2240,O=C1C(CCS(=O)c2ccccc2)C(=O)N(c2ccccc2)N1c1ccccc1,0
2241,N=C(N)NC(=O)c1nc(Cl)c(N)nc1N,0
2242,Nc1nc(=O)c2ncn(CCC(CO)CO)c2[nH]1,0
